id	login	email	createdAt_iso
cmm55hstp0008mz1f61roz8ga	vasek123	vasek123@mail.ru	2026-02-27T17:13:00.973Z
cmm6wqeyq000eof16062ru67j	vasek1234	vasek1234@mail.ru	2026-02-28T22:43:18.723Z
cmm70ltqq0002oe16m6thzy6j	vasek12345	vasek12345@mail.ru	2026-03-01T00:31:43.058Z
705471c8-91a8-4d68-aea6-7221ae360b21	u288577	u4@proton.me	2026-03-05T08:57:04.000Z
8d2b69b7-68ad-4b2c-bad2-37321f8ad798	marina21	marina21@yahoo.com	2026-03-05T13:03:52.000Z
1995535b-b07d-4389-9d7b-cfb78a9bda78	u43_565155	u43@internet.ru	2026-03-05T13:42:43.000Z
cmme1p7p20008o916gt5zm27e	pool-cmmdsanwv0004s616zxznkcfy		2026-03-05T22:36:43.959Z
003f822f-5048-43ec-a279-567582242c29	u76_771388	u76@icloud.com	2026-03-06T08:32:44.000Z
5aeae71a-5375-46b8-a051-330943cf7b17	mix_nsk17	mix_nsk17@icloud.com	2026-03-06T09:55:34.000Z
cb08c8a6-2321-4c08-a6a1-e8ddefebe45d	dima890	dima890@gmail.com	2026-03-06T09:57:40.000Z
8fe299a8-16e0-4a29-b45f-c5ac9475efd9	u28_245410	u2832221957@list.ru	2026-03-06T13:55:47.000Z
b915d314-5d04-46bc-8615-f3c3156a5fb0	u95_765546	u95@yandex.ru	2026-03-06T14:12:50.000Z
00a8729c-fcb8-4293-9f86-351e55984811	oleg585	oleg585@mail.ru	2026-03-06T14:49:08.000Z
cc1268b3-8cd5-421a-ae82-5d7a07578896	kzn_spb89	kzn_spb89@mail.ru	2026-03-06T19:06:31.000Z
446b24f4-08a2-4135-ba67-4c933eb1464f	sky_kzn27	sky_kzn27@bk.ru	2026-03-06T19:13:55.000Z
c7d68682-11eb-4013-99e9-5f70644b44f3	u25_968260	u25@yandex.ru	2026-03-06T20:38:11.000Z
cc855d01-fe6e-4ca1-b5a2-c1d70dc5c6e7	dima53	dima53@internet.ru	2026-03-07T08:01:25.000Z
129d5e72-c399-4b8f-abdf-cd5162c25ac5	pro_kzn95	pro_kzn95@gmail.com	2026-03-07T09:36:19.000Z
a80fe13f-ef18-4b07-9951-aaa6f301fca4	neo_kzn1	neo_kzn1@rambler.ru	2026-03-07T11:39:18.000Z
8c64f954-596b-4b82-8d6b-a100c5953a8a	spb_spb40	spb_spb40@proton.me	2026-03-07T12:45:52.000Z
35d17dbc-5fb4-458a-bbae-dcd3330b51f8	u724959	u4@live.com	2026-03-07T13:44:15.000Z
2c2eb313-3d2a-4251-8b6e-e4de5786f80e	u38	u38@icloud.com	2026-03-07T14:16:11.000Z
7160c4ac-230a-484f-844e-50b7942168a5	sky_bar61	sky_bar61@proton.me	2026-03-07T16:32:43.000Z
a513e1f3-afca-49fa-8f81-5ef4538e6f65	u93_268596	u93@live.com	2026-03-07T16:35:53.000Z
fe6723b8-0692-42c5-a90b-777494ebdd0a	u23_479074	u23@proton.me	2026-03-08T06:32:04.000Z
b210b84f-70a1-4764-94f8-3c87e77e1553	u23_683456	u2359042861@icloud.com	2026-03-08T09:57:37.000Z
2e072353-123e-47c8-b634-37404a9ef0b4	bar_bar8	bar_bar8@rambler.ru	2026-03-08T10:44:20.000Z
54f7c95f-25c8-49ce-aeb7-5969a9940d81	spb_spb60	spb_spb60@internet.ru	2026-03-08T12:24:51.000Z
544b831e-6475-450f-a61c-fbf3ee29a7ed	u52_820217	u52@bk.ru	2026-03-08T12:36:12.000Z
56bd0917-49c4-43bf-8eb7-324517ed05ff	u82_571135	u82@icloud.com	2026-03-08T13:00:21.000Z
67d983fe-896b-409a-9cad-a21ec060444d	neo_msk34	neo_msk34@proton.me	2026-03-08T15:15:59.000Z
176f5724-99a6-4e06-ad11-e9dba5e6303f	u12_228544	u12@icloud.com	2026-03-08T19:16:37.000Z
1d7d9020-dbc1-4320-8a6e-e2d03efc68b2	u23	u23@internet.ru	2026-03-08T19:38:04.000Z
4a754fa2-ac5c-44df-8a00-57314dea757e	u70_540856	u7014451228@rambler.ru	2026-03-08T19:39:14.000Z
fcad1a68-f805-4e74-9a44-0bd1644c9678	u24_918515	u24@outlook.com	2026-03-08T20:25:45.000Z
5e511813-3f1f-4317-925a-3aada6419b38	bar_nsk25	bar_nsk25@mail.ru	2026-03-09T06:27:49.000Z
ccd6d214-a241-40e3-977f-c06749902e09	msk_nsk38	msk_nsk38@gmail.com	2026-03-09T06:54:55.000Z
78c5a557-b71a-4cfa-ab2e-879d29bf1a7a	u12_217868	u12@live.com	2026-03-09T08:09:27.000Z
79ed7fc3-cf63-479d-9d2e-30844ddc90f9	bar_neo66	bar_neo66@inbox.ru	2026-03-09T08:17:27.000Z
b66cd751-c5a7-4835-890d-12721895252c	kate470_755230	kate470@yahoo.com	2026-03-09T08:26:57.000Z
b2b7db30-677b-4f09-88d8-a38ab93fb506	u40_454216	u40@list.ru	2026-03-09T11:33:43.000Z
9957ac4d-f18a-409a-bb89-9defb9370cda	u17_278761	u17@yahoo.com	2026-03-09T12:12:43.000Z
0f3ee831-3c13-46ce-abf6-9f681c056735	msk_msk32	msk_msk32@proton.me	2026-03-09T12:14:03.000Z
83e413e6-7a0d-4196-b999-2b90cc4869c2	u83_615976	u83@gmail.com	2026-03-09T15:11:51.000Z
a74aabd8-631c-44a0-86c2-36fb3a838874	mix_tip88	mix_tip88@rambler.ru	2026-03-09T16:58:10.000Z
d4f4cd70-a133-457b-88ae-770504e20b35	u93	u93@gmail.com	2026-03-09T17:11:25.000Z
2d5a95ef-d1bf-47d6-b75c-a46faeb98079	u35_678112	u35@internet.ru	2026-03-09T18:10:32.000Z
bac6614c-1b01-4ca5-b0e8-3ddf3bc4a14d	u94_992360	u94@outlook.com	2026-03-09T19:00:38.000Z
c62bd829-0617-4ecc-9e94-e7f99b00dc8b	misha631	misha631@mail.ru	2026-03-09T19:03:53.000Z
e4cc15ef-e269-43dd-8936-67b34d006588	u15	u15@gmail.com	2026-03-09T20:04:38.000Z
74fc6273-e016-46f0-996a-f8ae829a9b55	u86_368530	u86@proton.me	2026-03-09T20:58:43.000Z
9ea19e64-2539-4965-8bb7-9fd9fa8836d4	misha738	misha738@gmail.com	2026-03-10T05:03:04.000Z
eee439ee-b4ea-4037-a7ad-6e092e9533a4	u92_369571	u92@gmail.com	2026-03-10T05:21:58.000Z
6c423196-5218-4195-b363-7d707681bf06	u35_317724	u35@icloud.com	2026-03-10T05:41:04.000Z
4c98d050-c1a6-4685-8228-9db58298c116	u58_358211	u58@internet.ru	2026-03-10T05:59:20.000Z
45d527ca-7ff8-40e3-b7df-b477a0a2b4b6	bar_mix8	bar_mix8@live.com	2026-03-10T06:01:03.000Z
c30176e5-b6c6-4a6d-92c3-7ab5b428f59a	tanusha578	tanusha578@internet.ru	2026-03-10T07:54:24.000Z
af2c0af1-de42-4ed0-8ea7-f1815e11175d	bar_spb87	bar_spb87@internet.ru	2026-03-10T08:06:57.000Z
f5c00b29-51f5-49ea-a4eb-189ff7a5568f	sky_sky62	sky_sky62@mail.ru	2026-03-10T08:20:10.000Z
0b45714e-f9c8-4839-9389-dcbaa8ddb0a6	msk_nsk17	msk_nsk17@internet.ru	2026-03-10T08:32:17.000Z
da1f595e-fe1f-43b0-ad50-f40ee2728ed2	dima107	dima107@yahoo.com	2026-03-10T10:54:04.000Z
c0b6ae07-93b3-463e-a887-eec8c5d8400b	u58	u58@mail.ru	2026-03-10T11:09:14.000Z
e9874648-35e8-42bf-a5a0-b4552fcf916c	u28_744576	u28@internet.ru	2026-03-10T11:31:17.000Z
1f3dfddb-e428-4e51-b179-38e7028149da	msk_msk12	msk_msk12@yahoo.com	2026-03-10T12:07:26.000Z
f2fc0532-8199-48e0-98ca-9860ab7ce6fa	u42_299260	u42@rambler.ru	2026-03-10T14:23:23.000Z
6ba497e1-224e-4ae8-88aa-857540256dc0	u12_234510	u12@list.ru	2026-03-10T15:07:54.000Z
c964812e-afea-482a-bd45-b23b7e290dd2	u580584	u7@yandex.ru	2026-03-10T16:35:34.000Z
a5bd4226-e4b9-4709-b8ad-4250bf550b22	u503699	u4@yahoo.com	2026-03-10T17:01:53.000Z
43495ebc-bacc-4260-844c-2bb96c6eafd3	u40_483035	u40@proton.me	2026-03-10T18:21:45.000Z
9d0e074f-d634-430e-bcdc-72e20d4b718b	u13_692704	u13@rambler.ru	2026-03-10T18:34:10.000Z
d16f95f6-dd7e-452b-9b2e-32ed8365b7b2	u25	u25@yahoo.com	2026-03-10T19:39:45.000Z
e2798ade-6b56-456a-994a-aba71657f3ac	spb_tip96	spb_tip96@yandex.ru	2026-03-10T19:56:29.000Z
db05ff10-b98c-40f5-b0d6-9dff2ec0d788	u90_852261	u90@rambler.ru	2026-03-10T20:00:02.000Z
15a40de9-7b5a-4d01-ad5f-850723ec6128	u24_426011	u24@inbox.ru	2026-03-10T20:07:16.000Z
bb9c3ec2-8047-4911-ab09-3a9519f6109f	tip_neo4	tip_neo4@yahoo.com	2026-03-11T06:08:25.000Z
fd962542-11f4-422d-b690-c6c0281644a0	misha774	misha774@icloud.com	2026-03-11T06:11:32.000Z
a1120886-aebc-47e3-b72e-57ea34e746c8	igor721	igor721@live.com	2026-03-11T07:39:23.000Z
042762b1-76a1-4bc6-bf76-ef45da7b3aba	u44_803382	u44@proton.me	2026-03-11T08:15:24.000Z
e0d2b5db-8ea9-4d6a-b375-dfa78017a49f	igor841	igor841@rambler.ru	2026-03-11T08:38:06.000Z
b7d18fd5-6efa-4d18-958c-b39cf90a5295	u35_770593	u35@list.ru	2026-03-11T08:57:09.000Z
ba070adb-86cd-4bd3-8452-538fa3bd36cc	u18_998865	u18@bk.ru	2026-03-11T09:31:54.000Z
f60df67d-e6bc-4694-aae9-b8913877a14f	u69	u69@rambler.ru	2026-03-11T09:36:32.000Z
4ea74fb2-165a-4203-9ab0-26302c82ad4c	u22_381145	u22@yandex.ru	2026-03-11T09:48:17.000Z
169d50aa-b33f-4c19-95a9-501a83473b3f	nastya659	nastya659@list.ru	2026-03-11T10:02:26.000Z
f287d87f-4c64-4b3c-8d02-d885f9c863bb	mix_spb38	mix_spb38@outlook.com	2026-03-11T10:39:29.000Z
2147bac7-cff1-4aa1-8496-a7ee1131dace	kate272	kate272@inbox.ru	2026-03-11T10:52:07.000Z
8b1f67e7-8fa9-4984-8094-74d1ee55c016	msk_mix23	msk_mix23@inbox.ru	2026-03-11T12:39:32.000Z
9f6848ca-3b6a-4fa0-a4aa-cb8b48bf26b4	u82_552314	u82@inbox.ru	2026-03-11T13:01:18.000Z
0afef2b9-bb08-455f-a5d6-c833b0a6aed2	nsk_neo89	nsk_neo89@internet.ru	2026-03-11T13:05:11.000Z
5c3221fa-0f00-48e7-817b-7a237be47610	msk_sky29	msk_sky29@proton.me	2026-03-11T13:19:37.000Z
0a6e497d-73f5-4af2-b3ca-8fa95b2c7478	pro_spb77	pro_spb77@yandex.ru	2026-03-11T14:33:36.000Z
fedd6e28-4c00-4d38-8e5a-8a29d61a7e15	marina667	marina667@internet.ru	2026-03-11T15:23:17.000Z
a076de5c-c69e-47bf-acc5-c18fff512757	spb_mix54	spb_mix54@live.com	2026-03-11T15:28:42.000Z
9e54572e-3a1c-43af-b54a-0574f7c4268d	pasha905	pasha905@proton.me	2026-03-11T18:40:15.000Z
c08316b4-ce8a-4435-a894-ee1a67fb56c6	msk_bar88	msk_bar88@list.ru	2026-03-11T19:10:22.000Z
620b8e65-ca33-47ef-a4b9-8411eb7054d0	u38_651377	u38@list.ru	2026-03-11T19:12:50.000Z
2e1c5e57-e070-41b2-9dd0-dc2c3cccf9fa	msk_bar15	msk_bar15@outlook.com	2026-03-11T19:29:08.000Z
b8a23f63-9f0e-4a6e-b8ea-912f64bc2003	u49_169296	u49@gmail.com	2026-03-11T20:05:42.000Z
3ef8533a-b2f2-4076-a951-e1833843dc4f	spb_tip36	spb_tip36@rambler.ru	2026-03-11T20:19:33.000Z
cb5bf380-cd3a-4e5f-ba68-329b45a1583c	nastya652	nastya652@mail.ru	2026-03-11T20:23:47.000Z
a5cf1017-c9f5-4cd2-86d4-3cd52e45bee4	marina289	marina289@gmail.com	2026-03-12T05:05:22.000Z
43578154-a9d9-4aec-8366-f463fbd12d78	u72	u72@outlook.com	2026-03-12T05:57:52.000Z
418c1129-ece6-47ff-80d1-4833239680c0	nsk_spb32	nsk_spb32@icloud.com	2026-03-12T06:33:37.000Z
a4656ef3-cea5-4be7-a088-c2fb53149f68	tanusha767	tanusha767@yandex.ru	2026-03-12T06:36:20.000Z
8c8f8dee-9e2c-4f68-93e1-3ec2f29beb00	u389345	u3@bk.ru	2026-03-12T08:22:23.000Z
514a5b89-d582-40db-ae8a-6c6ecaa6e224	kate679	kate679@bk.ru	2026-03-12T08:24:56.000Z
6a756fcd-feae-4407-b4ce-59364aef8889	u79_427153	u79@proton.me	2026-03-12T10:27:03.000Z
9d9a625b-7969-4ee7-9a86-547ab3366d25	pro_pro59	pro_pro59@outlook.com	2026-03-12T11:34:23.000Z
5ed0060d-b827-4ab4-9b3c-19c693e2eedf	misha136	misha136@internet.ru	2026-03-12T11:57:50.000Z
8ce65880-21bd-47b0-b94d-2a9847d1bd34	pro_spb27	pro_spb27@bk.ru	2026-03-12T13:49:37.000Z
ee91108f-33f3-439d-9097-2bdfaf1dfb06	sky_tip86	sky_tip86@list.ru	2026-03-12T14:49:39.000Z
5fbe8774-6028-4069-a5bc-19c6808ccc19	u13	u13@gmail.com	2026-03-12T15:27:40.000Z
fb5a4468-0ab1-4a0a-89b9-e94a951395ce	u18	u18@gmail.com	2026-03-12T16:03:30.000Z
192942c4-4a55-4c01-84ff-5465c4c44936	kzn_nsk58	kzn_nsk58@gmail.com	2026-03-12T17:00:16.000Z
cmmnrk5ex0000pj16k8qj9sb2	trader19	678899aw@gmail.com	2026-03-12T17:50:33.321Z
acef4687-8a8b-4970-8252-295594a41886	spb_tip80	spb_tip80@list.ru	2026-03-12T17:53:28.000Z
f5f5178b-7a8e-49f4-bda1-91b587728b2d	sveta153	sveta153@internet.ru	2026-03-12T18:29:22.000Z
d48c5087-e82d-43cd-9e8a-b092e18a5796	tanusha496	tanusha496@list.ru	2026-03-12T19:20:56.000Z
9504b5b4-586c-4ecd-bc15-229086eb7f72	sveta837	sveta837@rambler.ru	2026-03-12T19:26:50.000Z
cff0c15d-6b63-4d05-884b-ee6dae9eadba	nsk_mix56	nsk_mix56@icloud.com	2026-03-12T19:45:59.000Z
375ceeca-aa5a-4138-b748-c68163765588	marina482	marina482@list.ru	2026-03-12T19:51:44.000Z
cmmnwfwyz000tpd17503yww4k	Ivanov	try695873@gmail.com	2026-03-12T20:07:13.835Z
cmmo1aukc000lvtpo5xrtyw1i	test-waiter-8	test-waiter-8@test.local	2026-03-12T22:23:15.517Z
6bbb6e22-5747-446b-9d42-a420ab602bd8	u16_839774	u16@yandex.ru	2026-03-13T06:03:35.000Z
2dbec5bb-215b-4123-a463-af853752a278	nastya708	nastya708@list.ru	2026-03-13T06:40:16.000Z
c2a0d290-114a-444f-8027-051db4bffa0e	neo_msk16_544564	neo_msk16@live.com	2026-03-13T07:11:35.000Z
43d1f46c-9bb0-4707-a1dc-c0fb3afbed21	neo_mix52	neo_mix52@internet.ru	2026-03-13T07:29:42.000Z
e1db1af6-b687-468c-8ac1-d257a2e4048d	oleg769	oleg769@inbox.ru	2026-03-13T09:19:51.000Z
d6df9cd4-9cbb-4c84-bbb9-c610971483d2	pro_nsk6	pro_nsk6@rambler.ru	2026-03-13T09:39:13.000Z
a9310719-f04b-4435-b602-94e7bbb16d4b	marina762	marina762@outlook.com	2026-03-13T10:08:26.000Z
45ae5b56-3c89-4667-abeb-3db77627cb24	u32_648796	u32@list.ru	2026-03-13T11:44:26.000Z
aef15c6c-b7f8-484b-886e-4682d7f6ab0b	sveta831	sveta831@bk.ru	2026-03-13T12:31:50.000Z
2132ae9b-9fc8-4de0-8bb0-c69fc27d3987	dima147	dima147@live.com	2026-03-13T12:33:12.000Z
27d3eb80-61bf-4096-a70b-774b1bbee618	nsk_spb22	nsk_spb22@icloud.com	2026-03-13T13:24:52.000Z
7e7abdd0-2c34-4924-bea6-825239952690	tanusha906	tanusha906@bk.ru	2026-03-13T13:44:36.000Z
397ffd60-600b-4f2c-896f-374453cfb61f	u48_520553	u48@live.com	2026-03-13T15:04:55.000Z
63552cf9-21c6-43a4-9614-04bd3f8a89d2	oleg672	oleg672@live.com	2026-03-13T15:35:39.000Z
6c766ceb-2263-461c-8117-c3bcc4f87f12	msk_neo71	msk_neo71@yahoo.com	2026-03-13T17:10:59.000Z
68dedf7a-1349-4994-93a6-6da0a912138a	sveta442	sveta442@live.com	2026-03-13T17:36:43.000Z
435d5a42-e2b2-4436-a586-12ce5c0290a3	neo_msk89	neo_msk89@yahoo.com	2026-03-13T18:14:31.000Z
92aa9d2f-cabb-48aa-9487-d76de0b21006	u87_910510	u87@rambler.ru	2026-03-13T18:23:24.000Z
2a3ca129-d765-49bf-b810-03989cc8ed48	sveta846	sveta846@icloud.com	2026-03-13T18:24:35.000Z
784b507c-ecd7-4954-91f9-0be686543bc7	dima889	dima889@yandex.ru	2026-03-13T18:29:47.000Z
37259580-9233-41b7-8ce8-2da6edf0e640	u30_195263	u30@outlook.com	2026-03-13T18:46:16.000Z
adec5900-7a48-45f6-ba68-b93baa4a8421	msk_nsk56	msk_nsk56@live.com	2026-03-13T19:17:11.000Z
753cc17e-2c91-4fb9-97f1-974d054fe3de	tanusha336	tanusha336@rambler.ru	2026-03-13T20:03:33.000Z
c8ddd1b5-5047-495a-9af2-639dda1ec4e4	u31_910781	u31@yandex.ru	2026-03-13T20:20:55.000Z
35de7bc0-bb8f-4d74-8360-2c94e84c175d	sky_tip85	sky_tip85@mail.ru	2026-03-13T20:31:45.000Z
5a70df1b-f906-49fb-86b7-419e1fefefa8	u86_547695	u86@internet.ru	2026-03-13T20:42:36.000Z
74f5f730-ba59-4f51-a9e6-e4e9cccefb40	bar_spb37	bar_spb37@yahoo.com	2026-03-14T05:35:14.000Z
69ca9548-2605-4798-b16e-a1c584b3f9b2	tanusha731	tanusha731@rambler.ru	2026-03-14T06:09:52.000Z
f2a6845e-03fe-4942-b4ce-874ac6355d1b	spb_tip8	spb_tip8@internet.ru	2026-03-14T06:42:06.000Z
6f6dc736-f5f5-43e6-99fd-746bbc98ad5e	sveta350	sveta350@internet.ru	2026-03-14T07:18:25.000Z
d0edcb3e-07a5-4aa2-a071-c53eeb0e56c7	u77	u77@inbox.ru	2026-03-14T07:28:35.000Z
c38f25e8-584d-4461-96aa-376ee297417d	bar_msk91	bar_msk91@icloud.com	2026-03-14T07:44:22.000Z
6c965b2f-cee6-4a94-ab9d-2fcc5e25217c	u71_308027	u71@outlook.com	2026-03-14T08:24:39.000Z
3cb30668-83aa-4b68-9795-09e570ee0d2c	sveta427	sveta427@gmail.com	2026-03-14T09:48:24.000Z
06bdcc0f-daca-41d4-8a5d-3ece7afe9772	u12_508785	u12@proton.me	2026-03-14T09:56:34.000Z
3d5e4a14-7628-42dc-b753-e7720358b5d7	msk_sky3	msk_sky3@icloud.com	2026-03-14T11:46:00.000Z
e898a996-8a3e-424d-9496-9e343d315672	neo_msk45	neo_msk45@live.com	2026-03-14T11:55:20.000Z
f9fb5671-7fe7-4a90-93ea-9de8ac2206ee	pro_tip81	pro_tip81@proton.me	2026-03-14T12:27:55.000Z
288027db-b907-44d9-93f3-9a4982475b75	u63_957735	u63@proton.me	2026-03-14T13:36:41.000Z
b7e770ca-00bb-4919-8e97-43631df39883	neo_tip22	neo_tip22@mail.ru	2026-03-14T14:05:05.000Z
5f6d76ed-9974-421b-bd14-78e8a23beb60	kzn_tip69	kzn_tip69@bk.ru	2026-03-14T15:15:00.000Z
04d337b2-4f67-4217-8b4a-a52aa7f82735	tip_pro45	tip_pro45@yahoo.com	2026-03-14T15:47:10.000Z
54aa230d-9435-4bee-b236-04dc431d6086	neo_tip7	neo_tip7@yandex.ru	2026-03-14T18:06:13.000Z
dea46f83-04d3-490d-bc50-27d875e1bcae	sky_spb87	sky_spb87@icloud.com	2026-03-14T18:34:02.000Z
53e05f36-565c-4bd1-b20a-4169fbf6ef01	u625455	u3@live.com	2026-03-14T18:55:45.000Z
93e1e5cf-44cd-4f7c-b242-1adf47626c0e	nastya807	nastya807@bk.ru	2026-03-14T19:09:40.000Z
babb1f7b-f73d-4832-a32f-2c7522897eb8	kzn_neo16	kzn_neo16@inbox.ru	2026-03-14T20:25:41.000Z
59a1ceba-1484-465f-a685-417f2762715f	u95_431711	u9525670977@icloud.com	2026-03-15T05:53:32.000Z
2c067c4b-aa29-47ed-b63a-e5cd5ac3f4a4	u69_897753	u69@mail.ru	2026-03-15T06:35:58.000Z
4f7ee763-c956-45c3-89cc-ec188fa87508	nastya586	nastya586@mail.ru	2026-03-15T06:38:59.000Z
38dce89b-1c60-4f93-a969-3d87143e2b94	u66_531917	u66@inbox.ru	2026-03-15T07:55:19.000Z
15221b48-2016-40d0-bbe8-1748884cbbf6	neo_msk10	neo_msk10@live.com	2026-03-15T08:29:33.000Z
1d7a0cbc-ea11-468a-96e7-1b30bdf73a38	tip_msk32	tip_msk32@bk.ru	2026-03-15T08:30:20.000Z
573d7e57-b1f3-480b-ac6b-7465b483d4ff	u391307	u9@mail.ru	2026-03-15T08:39:13.000Z
b13c2643-2972-4469-9044-241602abbbfb	u49_559083	u49@outlook.com	2026-03-15T09:57:28.000Z
61691659-9ef1-41ae-a46d-622d849c34f1	misha244	misha244@gmail.com	2026-03-15T10:12:48.000Z
4c452604-2df7-4031-be4f-a41831f6c10b	u219815	u7@rambler.ru	2026-03-15T11:32:20.000Z
964cbaef-86b1-47db-b3fe-a9ad3a400480	bar_pro18	bar_pro18@rambler.ru	2026-03-15T11:43:49.000Z
7ff5a331-cacf-4138-ab6b-53006e91526d	u28	u28@yandex.ru	2026-03-15T13:28:48.000Z
6b5d2036-6dde-4c47-b45f-a1aa23b478b0	igor493	igor493@list.ru	2026-03-15T13:30:01.000Z
fe774f11-1366-4cb7-990e-05112b1a0cac	misha520	misha520@list.ru	2026-03-15T13:55:06.000Z
913cc0b1-7f90-4f8f-9d76-c3f57556c4e5	igor261	igor261@live.com	2026-03-15T14:00:25.000Z
97e26569-10d3-4a7d-b79d-557eed196bf0	spb_msk2	spb_msk2@list.ru	2026-03-15T14:13:00.000Z
c0e47bb6-6068-4d99-999a-34c6f3bf3ace	u89	u89@yandex.ru	2026-03-15T14:44:25.000Z
6db68b34-56ef-4e92-9ea0-12ead62eeafb	u40_195245	u40@gmail.com	2026-03-15T18:05:10.000Z
a6432c19-287d-4af1-b610-2ac5d1097666	sky_pro2	sky_pro2@gmail.com	2026-03-15T18:33:24.000Z
d8583dee-ce0f-4f26-83d1-bcc98b7a4716	msk_msk9	msk_msk9@list.ru	2026-03-15T19:08:40.000Z
50cecf57-f849-46de-8a98-b38526e9f425	u444069	u8@outlook.com	2026-03-16T05:04:25.000Z
535bd094-91d0-4d23-992a-c5f3d0f65fd2	nastya757	nastya757@rambler.ru	2026-03-16T05:42:06.000Z
b6dc867e-36c6-46a6-a5b0-0bd767812c92	pasha179	pasha179@internet.ru	2026-03-16T06:46:07.000Z
9778baeb-1ec5-41ca-b6d8-fc77d0ad88a1	u18_153789	u18@inbox.ru	2026-03-16T07:35:11.000Z
05c1dd3e-b06c-4b1d-9bf7-68b4cae916ce	bar_mix96	bar_mix96@proton.me	2026-03-16T09:16:47.000Z
9daa25bf-927a-4a16-ab3c-5391fc47b065	nastya716	nastya716@yandex.ru	2026-03-16T09:37:24.000Z
2636e4f8-27c4-4570-86fd-d620fb1b55c4	u26_637261	u26@gmail.com	2026-03-16T09:59:54.000Z
70ab243f-0d6d-41ca-899b-2a688eb1bfe4	u112540	u587467391@rambler.ru	2026-03-16T10:19:53.000Z
a891a818-dd6f-441a-8b07-667e6d0b320b	u31_524831	u31@mail.ru	2026-03-16T10:28:20.000Z
a2774dd5-c2e7-4516-85fe-1755a0b93233	tip_neo57	tip_neo57@list.ru	2026-03-16T10:46:55.000Z
594a736b-72fa-487d-9a30-e60acae3adc0	u95_963645	u95@outlook.com	2026-03-16T11:17:33.000Z
9e6d3425-b611-45cf-b1f7-db5d23a57a81	neo_pro89	neo_pro89@mail.ru	2026-03-16T11:29:47.000Z
3d8987df-ec0c-4eb6-8ab7-761acba04ef2	tip_tip41	tip_tip41@mail.ru	2026-03-16T12:46:09.000Z
c4a09c94-edb3-49cc-8441-04609db8dde9	dima823	dima823@mail.ru	2026-03-16T13:07:25.000Z
9256bd96-6645-4af2-9a08-32a5b19077b5	nsk_nsk20	nsk_nsk20@rambler.ru	2026-03-16T13:08:12.000Z
3ce12680-74ef-499a-9e8e-d4605b6e27f6	marina406	marina406@inbox.ru	2026-03-16T14:02:15.000Z
78425018-14f6-4cb1-be24-53fad39d0685	igor65	igor65@inbox.ru	2026-03-16T14:06:05.000Z
f150c6dc-c07a-46c4-8d37-af855a9ce6b8	marina43	marina43@internet.ru	2026-03-16T14:16:57.000Z
025ae0b7-4860-4b4a-9159-5d88f3674d70	u91_744064	u91@outlook.com	2026-03-16T15:19:32.000Z
f36d4a0e-79f4-49d5-99f5-bc5b8756ad6e	sveta622	sveta622@inbox.ru	2026-03-16T16:04:33.000Z
7ca7c158-f56e-4abc-a956-b4c42328d381	u25_103508	u2564850353@outlook.com	2026-03-16T16:45:56.000Z
c35c965a-4dad-47d2-bbc2-deade0a06183	sveta668	sveta668@outlook.com	2026-03-16T18:18:39.000Z
a01ea34f-3d65-4ed5-95ec-e5a6d05b919d	u68	u68@yandex.ru	2026-03-16T18:57:01.000Z
28809a57-180c-486b-8e43-b7e39c59d409	u23_148209	u23@rambler.ru	2026-03-16T19:31:31.000Z
5ef838a2-c9b6-439b-9bee-e80b52f0439a	u276614	u6@yahoo.com	2026-03-16T19:39:16.000Z
831bc921-46fc-482a-8422-7bf6630521dd	kzn_sky63	kzn_sky63@outlook.com	2026-03-16T19:58:37.000Z
15016d64-83cb-49df-9321-7b95edd7db3c	u41	u41@yandex.ru	2026-03-16T20:17:43.000Z
7bc6946b-8aef-42e5-a6a9-1d8e718139d3	u86_864128	u86@outlook.com	2026-03-17T05:39:20.000Z
abb95bc7-5f43-4a87-b8a4-fada6334472d	tip_mix58	tip_mix58@outlook.com	2026-03-17T06:15:53.000Z
d61d8aae-2613-4789-b282-d5899c88d49b	neo_mix69	neo_mix69@proton.me	2026-03-17T07:29:27.000Z
191cdc64-e8f4-492f-88b6-c9f554d32a9e	pasha468	pasha468@outlook.com	2026-03-17T07:42:25.000Z
e252576a-83a9-4a36-8a1c-ee761c26e998	u40_562551	u40@rambler.ru	2026-03-17T08:19:35.000Z
f797205c-7185-4d7b-8c45-969ed48c2a0c	nsk_msk65	nsk_msk65@list.ru	2026-03-17T08:44:21.000Z
40635e26-18df-44ac-996b-84231cbb48a0	u71_605214	u71@inbox.ru	2026-03-17T08:59:54.000Z
99184d42-229f-4724-acc3-0afb5285b03d	u54_979882	u54@list.ru	2026-03-17T09:07:21.000Z
9d5c3ff8-4bdb-4bb2-beca-bcdb4ddc0e53	u48_338040	u48@internet.ru	2026-03-17T09:14:33.000Z
223008e6-f35b-48e9-a2da-c8ba1301a93a	spb_mix94	spb_mix94@mail.ru	2026-03-17T10:44:18.000Z
852c92a6-eebd-4ef8-8d73-0a1801391e05	mix_kzn2	mix_kzn2@list.ru	2026-03-17T11:08:47.000Z
13fc3579-7f1f-472c-aa96-0f7c91476b09	u26_656751	u26@outlook.com	2026-03-17T12:06:04.000Z
72949497-a8c3-499f-ba82-9c5ec20ed08e	tanusha29	tanusha29@icloud.com	2026-03-17T13:39:02.000Z
ed7c93c5-1327-4a54-aa7e-dece7b2942a7	msk_neo28	msk_neo28@icloud.com	2026-03-17T14:40:38.000Z
5ab2df74-37fb-4d7d-a457-3f9367fc94e1	marina239	marina239@icloud.com	2026-03-17T15:52:06.000Z
59cb2954-f5da-4521-a3a1-9ff7aecb2ac4	misha260	misha260@yahoo.com	2026-03-17T16:49:49.000Z
307de538-71d2-4553-b246-32094eeb4adf	neo_sky91	neo_sky91@inbox.ru	2026-03-17T17:21:46.000Z
961d0f81-1108-40b6-b695-15a36bb98fa9	misha507	misha507@proton.me	2026-03-17T17:29:22.000Z
9d422208-e29b-460d-9373-baf55dd17023	u31	u31@icloud.com	2026-03-17T18:37:26.000Z
d87f01e1-26d7-4da3-b81e-32287b42ed05	nsk_nsk71	nsk_nsk71@outlook.com	2026-03-17T18:43:30.000Z
792011f2-83e2-471b-bac3-952a026eac29	nastya390	nastya390@internet.ru	2026-03-17T18:49:21.000Z
bcc583ad-86b6-4cdb-9507-1b9d52a7a379	u52_451352	u52@internet.ru	2026-03-17T19:14:30.000Z
c89189f3-0906-40d9-aee9-fe014aa50d8f	msk_nsk57	msk_nsk57@rambler.ru	2026-03-17T19:15:08.000Z
ecc42be3-ea28-4f9d-a612-448ca44c0988	tanusha770	tanusha770@yandex.ru	2026-03-17T19:18:28.000Z
b4519598-a68b-4201-9818-1a74a9a61b68	tanusha321	tanusha321@inbox.ru	2026-03-17T19:21:23.000Z
6e7a614b-eaca-46d9-a553-6b8afb7c61b5	u644973	u4@icloud.com	2026-03-17T20:35:28.000Z
6cb1d1eb-46ee-4fee-9177-7430f9681055	nastya455_561851	nastya455@mail.ru	2026-03-18T05:00:42.000Z
604ad533-16ce-4643-957d-9c588561e477	tip_nsk11	tip_nsk11@inbox.ru	2026-03-18T05:21:21.000Z
deda2d31-139d-4caf-b575-202f2e46dc1d	sky_bar97	sky_bar97@bk.ru	2026-03-18T06:13:41.000Z
7a7862d4-6e19-485f-b5ab-f4af509cd41c	nsk_bar61	nsk_bar61@bk.ru	2026-03-18T06:16:31.000Z
632d495b-0109-4780-877a-adc05c37a758	tanusha617	tanusha617@internet.ru	2026-03-18T07:00:12.000Z
ea605950-9bd5-4df4-a772-6ec391863be4	msk_nsk5	msk_nsk5@rambler.ru	2026-03-18T07:07:21.000Z
0e38520f-c54b-476a-903e-5db5d38ad162	bar_msk14	bar_msk14@proton.me	2026-03-18T07:10:13.000Z
0ecc8685-4dbe-4de5-9c53-2df876f4d4c4	u88_969778	u88@yandex.ru	2026-03-18T10:50:31.000Z
7e4a2806-5d9f-4972-b733-33b7d6926416	marina312	marina312@outlook.com	2026-03-18T10:53:52.000Z
76ac0a09-78b1-446c-a474-91ca90263e2a	marina575	marina575@mail.ru	2026-03-18T10:57:51.000Z
48f5c626-938b-44fc-9de9-ae2f567f280c	kzn_kzn88	kzn_kzn88@internet.ru	2026-03-18T11:21:11.000Z
64261fbe-8918-4880-be62-0a90b8e207a8	u32	u32@bk.ru	2026-03-18T11:24:11.000Z
99c03f44-b40d-407f-b15a-f7588d09467e	tip_pro96	tip_pro96@rambler.ru	2026-03-18T12:20:28.000Z
e561afd1-9f49-4c36-95bd-c86663202dfa	pro_bar55	pro_bar55@live.com	2026-03-18T12:31:51.000Z
470271f7-4085-4356-94ca-09c9e31bd91e	u42_429864	u4232345195@proton.me	2026-03-18T13:05:05.000Z
9228f591-c7ef-4eb2-902d-a20788dc7039	neo_nsk2	neo_nsk2@outlook.com	2026-03-18T13:47:18.000Z
56a3a324-67d5-47bc-92e1-5c2de480080b	tip_sky37	tip_sky37@gmail.com	2026-03-18T15:00:06.000Z
e69476bd-1529-4fbc-aefb-1547ad48067f	pro_sky39	pro_sky39@internet.ru	2026-03-18T15:03:52.000Z
73f3de04-de07-4471-94c4-43186d84f9cc	u49_489655	u49@proton.me	2026-03-18T15:05:22.000Z
e114f44d-b70e-4bc0-84e4-61fd0a9f7232	igor49	igor49@mail.ru	2026-03-18T15:16:30.000Z
5e5cb10a-a865-44c7-ac12-b02b4dd910c0	kzn_tip9	kzn_tip9@yandex.ru	2026-03-18T15:19:53.000Z
fb98f5b8-ccc7-465f-9241-885b844b9d10	u82_838431	u82@rambler.ru	2026-03-18T15:26:10.000Z
7846dbef-910c-48ab-b95c-25c64d7da426	igor745	igor745@internet.ru	2026-03-18T15:44:08.000Z
1883e019-856c-4924-96e6-f0ff01fc65cf	kate76	kate76@list.ru	2026-03-18T16:14:00.000Z
2105a466-9f81-4bcd-a827-1d4cfa94cf63	sveta274	sveta274@rambler.ru	2026-03-18T18:06:22.000Z
2381c8ee-2914-4d87-8afe-6a268740d97b	dima387	dima387@yahoo.com	2026-03-18T18:25:27.000Z
52e7823f-2751-49d0-b874-b413e14fbfc1	msk_pro84	msk_pro84@live.com	2026-03-18T18:41:26.000Z
5727bf18-07fc-46fd-9ac9-0a60e6de0b8a	u40_178618	u4068323714@mail.ru	2026-03-18T18:58:14.000Z
45299cdd-0a03-4b76-923b-90e9ffaf63ad	tip_nsk39	tip_nsk39@rambler.ru	2026-03-18T19:09:28.000Z
5a90d380-cd05-42f3-8e8b-5cad67170d37	u82_157916	u82@mail.ru	2026-03-18T19:13:50.000Z
b3c293ee-d772-4d68-88fd-daf44f5cc7f6	u39_118899	u3972925131@yandex.ru	2026-03-18T19:36:17.000Z
15c9b47b-38cd-4970-8ea6-42c45ac04634	marina588	marina588@internet.ru	2026-03-18T19:44:56.000Z
7c0b7cd8-11be-4098-ba23-52b6835e877b	u75_794811	u7567579442@list.ru	2026-03-18T20:06:03.000Z
6d12dc0a-eb04-4082-bec0-2e6cebea7f8b	u22	u22@proton.me	2026-03-18T20:42:06.000Z
855ce7a7-523d-4862-b38c-6c81ce16ec1a	bar_kzn8	bar_kzn8@yahoo.com	2026-03-18T20:50:04.000Z
bf9a07fb-67ff-4c8f-96d9-870d182f8689	misha572	misha572@live.com	2026-03-19T05:29:19.000Z
1e7d9f9a-a58f-4ddc-8062-1ad2efcd7d11	sky_spb13	sky_spb13@yahoo.com	2026-03-19T06:19:05.000Z
22f4ce11-2f9b-4a76-8c87-e6d9f477977f	u88_921971	u88@internet.ru	2026-03-19T06:24:36.000Z
56487dc4-72f3-4966-9359-5185075083d8	u25_178849	u25@list.ru	2026-03-19T06:28:45.000Z
c71959ed-81c6-4f04-8831-1047a8af3518	u87_676462	u87@live.com	2026-03-19T07:46:43.000Z
3e1cbfa0-7778-4c79-9892-038b17f83cfb	u20_933870	u20@rambler.ru	2026-03-19T08:08:37.000Z
ef4aac7d-d091-41cb-afdf-415452551edc	neo_spb2	neo_spb2@yandex.ru	2026-03-19T08:11:02.000Z
721eee0d-8be0-4442-b0b7-6a4f658bd433	misha844_660709	misha844@icloud.com	2026-03-19T08:39:30.000Z
8e3ef3f9-5498-4575-9ca1-feec7cae0ec2	mix_tip33	mix_tip33@live.com	2026-03-19T08:43:56.000Z
dc543977-16a9-4c34-a493-95ad784db9a4	msk_spb67	msk_spb67@internet.ru	2026-03-19T09:06:48.000Z
da961d61-c254-4596-b8ad-f62e3dd20483	bar_msk71	bar_msk71@bk.ru	2026-03-19T09:17:07.000Z
11444406-b372-4dc3-bed8-2e18c4d65bc4	nsk_tip70	nsk_tip70@list.ru	2026-03-19T09:25:28.000Z
989e356e-07e8-4fe5-b22e-c3dc44295d7d	u544374	u8@proton.me	2026-03-19T09:35:56.000Z
eaeeaf87-447d-4b5c-9eeb-a76466687f7c	u39_722571	u39@rambler.ru	2026-03-19T09:52:18.000Z
55faeed2-ca59-4a71-9a18-2e604e16e802	sky_nsk57	sky_nsk57@inbox.ru	2026-03-19T10:51:16.000Z
1e8d0112-d180-406f-be5a-85b5f4a25084	msk_nsk63	msk_nsk63@proton.me	2026-03-19T11:47:58.000Z
bfa5f6fb-8a19-41a4-bcbf-76ad52434467	u440442	u510672447@proton.me	2026-03-19T11:51:30.000Z
748f7014-a63c-4c7f-9346-2997b2fb5166	dima421	dima421@gmail.com	2026-03-19T11:51:42.000Z
939436d7-36b8-43bc-96c0-f348d55c611e	u17_509119	u17@internet.ru	2026-03-19T12:40:39.000Z
fed1e5ac-4224-424a-8501-67bcd9d606b4	pro_tip82	pro_tip82@gmail.com	2026-03-19T13:09:16.000Z
1f3cfb65-fc51-4e5f-9a60-b76cbb899cbb	u815096	u8@yandex.ru	2026-03-19T13:10:40.000Z
799bac77-2138-4220-ac83-6b0b3aee5b85	nsk_spb91	nsk_spb91@gmail.com	2026-03-19T13:41:47.000Z
283d1c7d-b528-48d8-af34-01ee9585e48e	u34	u34@bk.ru	2026-03-19T13:55:01.000Z
cc5b04e7-a3c3-4e67-82fd-4aeeb65c0775	bar_pro1	bar_pro1@list.ru	2026-03-19T13:57:39.000Z
fbee05ee-db84-4915-8b6d-14c822c82b39	u363592	u5@yahoo.com	2026-03-19T14:41:26.000Z
c911fc21-27c2-45f4-9c26-f36e532a87bf	u23_938518	u23@live.com	2026-03-19T14:48:12.000Z
c60b7302-9dd2-4f09-8270-f8a8fe34dff5	u68_248501	u68@internet.ru	2026-03-19T14:54:45.000Z
61f64b76-f077-4852-963e-1e68301c7c3d	u74_548127	u74@internet.ru	2026-03-19T16:47:18.000Z
66f81b4b-b7a6-44b6-a5ae-101bdb1eb18f	msk_nsk60	msk_nsk60@mail.ru	2026-03-19T16:51:40.000Z
c022990c-25e5-45fd-bb5f-58e2f9537966	u52_237812	u5283378888@gmail.com	2026-03-19T17:04:54.000Z
e90cbd92-96e3-4c4d-9ccd-e1fbc605b826	u143518	u7@icloud.com	2026-03-19T17:26:07.000Z
7a280133-1a96-4f60-b14a-0bcb7aa3ecfb	u69_285282	u69@yahoo.com	2026-03-19T17:27:42.000Z
01d73866-69a5-41ff-9d60-0aad035152aa	nsk_tip96	nsk_tip96@internet.ru	2026-03-19T17:57:26.000Z
6374ccf1-fcc1-40a2-b20a-07ba4933c1cc	u84_539741	u84@inbox.ru	2026-03-19T18:12:37.000Z
6ef8f53c-2622-4ed4-acb3-dbcacd1c7b22	marina624	marina624@yahoo.com	2026-03-19T18:28:21.000Z
e54fe1d5-9009-417a-bec4-9409f6c52a25	neo_mix55	neo_mix55@yandex.ru	2026-03-19T19:19:18.000Z
3c98b99c-224f-43c9-bf13-22a15fac5968	u73_891212	u73@proton.me	2026-03-19T20:13:50.000Z
3ffa0f9f-57ff-4b27-be9f-db1c1ae799ba	u52_261155	u5299682828@rambler.ru	2026-03-20T05:12:00.000Z
f3f1bbd4-2dca-4e47-a333-667ad5a38aa3	u49_320432	u49@list.ru	2026-03-20T05:29:21.000Z
ab7df239-cbbe-4ccc-b6de-c8f796bee2b5	tip_neo12	tip_neo12@outlook.com	2026-03-20T06:53:39.000Z
f2b415ce-369a-4cb0-b8ee-2f316fb347ca	dima718	dima718@gmail.com	2026-03-20T07:17:38.000Z
ab5c8a86-627f-4221-a576-0e4697290ff6	sky_mix98	sky_mix98@inbox.ru	2026-03-20T07:40:54.000Z
b37c868c-2098-4533-ab5b-764ba5fa2f04	nsk_bar88	nsk_bar88@icloud.com	2026-03-20T07:41:31.000Z
867740aa-7158-4ae8-85eb-a5956bbe6d19	pro_pro83	pro_pro83@rambler.ru	2026-03-20T08:25:38.000Z
4d65062e-bf6c-43e9-bd03-5e823b85f0ee	oleg333	oleg333@proton.me	2026-03-20T08:25:56.000Z
aa41ff3a-8df1-4ba9-8ab5-481f4ade1c37	nsk_pro32	nsk_pro32@bk.ru	2026-03-20T08:49:32.000Z
030340fa-e020-4517-ae5f-094d132470a3	u58_282877	u5849305073@mail.ru	2026-03-20T09:02:42.000Z
dd329855-a875-4cf3-9391-98b043514530	marina11	marina11@list.ru	2026-03-20T09:08:28.000Z
807cfc5b-d366-4fbb-b802-b4d9b6965071	pro_msk52	pro_msk52@proton.me	2026-03-20T09:09:45.000Z
48994b1a-976c-4013-8e47-72c9f59ec9e7	tanusha522	tanusha522@yahoo.com	2026-03-20T09:14:08.000Z
44da4a06-f51c-47f4-823b-688492acec4d	kate586	kate586@rambler.ru	2026-03-20T09:32:35.000Z
710aded2-09bd-4f03-b702-0517607cab2c	mix_sky23	mix_sky23@gmail.com	2026-03-20T09:48:08.000Z
4780a11e-8196-4b84-a0d4-5af66fb4d151	u99_583194	u99@bk.ru	2026-03-20T10:18:09.000Z
0946ee21-ffba-478c-8780-4f0989f0aaaa	tip_pro69	tip_pro69@proton.me	2026-03-20T10:23:01.000Z
b6b86566-12b8-47ae-bff9-e44d938cad14	kzn_mix91	kzn_mix91@yandex.ru	2026-03-20T10:23:35.000Z
cb62d425-495a-4ca3-9c15-c98c927141ad	mix_msk49	mix_msk49@outlook.com	2026-03-20T10:34:08.000Z
d4da9650-7467-4c69-b079-857300f201ec	msk_sky81	msk_sky81@gmail.com	2026-03-20T11:30:48.000Z
328e15eb-9022-4286-9dee-fe848ebea1e9	nsk_pro42	nsk_pro42@mail.ru	2026-03-20T11:38:50.000Z
72711eae-af7a-4ff7-a16e-7b01a7b60b48	misha784	misha784@icloud.com	2026-03-20T11:44:36.000Z
a78c7293-6ef9-4271-b057-1455efb1fa7d	sky_nsk43	sky_nsk43@bk.ru	2026-03-20T11:57:47.000Z
1e33824d-a12e-4b0a-89d3-742e7aa04773	u56_241506	u56@inbox.ru	2026-03-20T12:07:05.000Z
09aa05f7-e869-4c14-8512-49dd7b5b55ae	tip_kzn28	tip_kzn28@mail.ru	2026-03-20T13:13:49.000Z
9d3c8a99-7d31-48a7-ad7c-7b6b59537bae	tip_pro44	tip_pro44@yahoo.com	2026-03-20T13:39:52.000Z
c0a2c3be-c422-4650-b43b-54ba95974490	tip_neo9	tip_neo9@outlook.com	2026-03-20T13:46:13.000Z
0fad956a-5e78-412a-8d93-0fef46fefa80	u30	u30@bk.ru	2026-03-20T13:52:53.000Z
8d537a24-daa7-4a13-8e33-7019e41d6fbf	nsk_msk52	nsk_msk52@yandex.ru	2026-03-20T14:05:55.000Z
036065d3-5322-4bb1-b67e-a163035de7fc	u37_879504	u37@inbox.ru	2026-03-20T14:29:31.000Z
2c220886-ca9a-4aa0-832e-081f24f3ee76	tanusha271	tanusha271@mail.ru	2026-03-20T15:13:32.000Z
38ac0f54-35a8-4593-8c09-16bfa014e012	sky_msk15	sky_msk15@internet.ru	2026-03-20T15:31:03.000Z
0bd6fe09-c9a6-4949-a9f6-5e7268e9b53c	neo_neo18	neo_neo18@yahoo.com	2026-03-20T15:33:57.000Z
1bd8e3f3-8014-4033-b38c-e47f23a6c8a4	sveta750	sveta750@proton.me	2026-03-20T15:38:39.000Z
42eb58f7-d5fd-4607-92bf-df81cadef62c	u19_761259	u19@gmail.com	2026-03-20T15:38:47.000Z
a9525fef-8365-4924-882c-c732a1025413	oleg483	oleg483@yandex.ru	2026-03-20T15:46:48.000Z
ab29827a-861a-4406-8328-d4de9b97df27	u87_803197	u87@yandex.ru	2026-03-20T16:29:53.000Z
cbb8d790-b041-413d-8c2a-4dc078c6ab33	u17_814491	u1718339323@inbox.ru	2026-03-20T16:32:38.000Z
106c0afb-a843-4d6a-9293-9d386f586f4c	pro_sky89	pro_sky89@internet.ru	2026-03-20T17:29:41.000Z
89e043a3-4252-4a2f-b709-06baf221e9a0	kzn_pro29	kzn_pro29@gmail.com	2026-03-20T17:47:49.000Z
535c3249-66a7-4643-aa07-045ad7907a4e	oleg856	oleg856@list.ru	2026-03-20T17:59:07.000Z
fbf76180-3156-402d-b1da-c7c6bcb1e62a	mix_pro35	mix_pro35@yahoo.com	2026-03-20T19:38:16.000Z
fe67471d-6d01-4f65-94fa-198bb8adc50b	marina800	marina800@mail.ru	2026-03-20T20:50:50.000Z
0e88c03f-451d-427a-85de-8d25bc48a4d0	sveta54	sveta54@mail.ru	2026-03-20T20:54:40.000Z
a830b5f8-80c4-47fd-ac33-294f14501b5e	tanusha430	tanusha430@yahoo.com	2026-03-21T05:28:24.000Z
5e1335d5-6f02-4a0a-9091-e3574cc24e60	u45	u45@live.com	2026-03-21T06:10:44.000Z
777461c4-7006-4ca0-8348-7bdc93424885	u75	u75@inbox.ru	2026-03-21T06:35:03.000Z
663662ee-e6ed-4ccb-a161-9de8519b3c5d	igor737	igor737@rambler.ru	2026-03-21T07:26:57.000Z
56fe39ef-28ab-4bf0-b7c3-7f1edf4721aa	u14	u14@mail.ru	2026-03-21T07:32:01.000Z
ae35234a-5602-4e05-af3c-f71f0eb43684	u91_574124	u9151150427@list.ru	2026-03-21T07:32:16.000Z
9e757d62-2405-4e23-8670-b509c93a8c47	u32_975343	u32@icloud.com	2026-03-21T07:32:39.000Z
34dc2f42-88ef-4643-8378-eec62521526f	oleg549	oleg549@internet.ru	2026-03-21T08:02:58.000Z
c0f7a9eb-f8bc-4314-8d8e-a8b8e364a20b	misha249	misha249@proton.me	2026-03-21T08:18:50.000Z
c14ff14f-5299-4168-b051-dd3d910c63ae	u70_175903	u7096228195@yahoo.com	2026-03-21T08:19:36.000Z
80899c7f-c391-4cde-8a5e-3758642d588b	tip_kzn86	tip_kzn86@live.com	2026-03-21T08:53:14.000Z
1f96df1d-fc24-4a09-88d0-b8d7082adf0e	kate179	kate179@rambler.ru	2026-03-21T09:19:07.000Z
2e8c0683-6a43-4e2e-95a0-16c6e6b97d17	u314544	u5@bk.ru	2026-03-21T09:20:42.000Z
e1c5caef-c944-4b86-bb3f-21b85e894f1a	u796529	u4@rambler.ru	2026-03-21T10:55:12.000Z
46a903c5-191c-451a-92d2-c1413524db81	u10_236639	u10@bk.ru	2026-03-21T11:13:43.000Z
babc8755-8624-4add-a808-f9461f9f6c80	neo_mix50	neo_mix50@icloud.com	2026-03-21T11:33:34.000Z
b53893e7-a110-4358-ab83-7471d583fa7e	msk_nsk9	msk_nsk9@yahoo.com	2026-03-21T12:05:13.000Z
c822773d-fcb2-4b20-af12-834c707586a9	nastya565	nastya565@internet.ru	2026-03-21T13:20:03.000Z
44989ab1-9ba0-49fb-a716-2e3602e60e8b	tanusha85	tanusha85@list.ru	2026-03-21T13:37:26.000Z
bb06c78f-2cfd-4ee3-88e4-43d1582201b0	u22_922991	u2275365775@list.ru	2026-03-21T13:43:03.000Z
e632fffa-3c65-4f82-a35d-693a5ae814ec	u73_536093	u73@outlook.com	2026-03-21T13:58:54.000Z
7975efb9-fee8-4364-8832-fe53224f717b	u26_289438	u26@mail.ru	2026-03-21T14:10:23.000Z
8b6354f1-d752-442d-b981-f8d021565daf	kzn_mix50	kzn_mix50@proton.me	2026-03-21T14:16:49.000Z
a9579805-63c7-471c-8286-58fda8f0a0f0	u65_464559	u65@mail.ru	2026-03-21T14:23:40.000Z
6f7a8960-8564-4aa3-97fc-3230b5ce4226	u640416	u3@rambler.ru	2026-03-21T14:42:37.000Z
5258d559-0cb5-4720-a5cf-ba9fa883c720	kzn_pro43	kzn_pro43@icloud.com	2026-03-21T15:58:35.000Z
e0ad3ea2-ae98-447c-a4ab-1736fdc7b5df	tanusha881	tanusha881@live.com	2026-03-21T16:38:45.000Z
ab0b6d8a-72b4-4f38-9b29-b396148e929a	bar_spb97	bar_spb97@proton.me	2026-03-21T18:30:51.000Z
f1d9315a-c187-43b2-a81c-5aa641bb52de	u42_513156	u42@bk.ru	2026-03-21T19:07:47.000Z
f16cdbbd-2311-4587-9e1d-2e810c79d416	bar_kzn50	bar_kzn50@yandex.ru	2026-03-21T19:32:09.000Z
b4174b57-7601-4206-859d-ced45efe79a3	dima261	dima261@live.com	2026-03-21T20:27:25.000Z
7e8ef429-db3d-4aad-9556-722ee1f3f3cb	spb_kzn95	spb_kzn95@rambler.ru	2026-03-21T20:40:05.000Z
78b4bc52-6ddb-4e12-8a88-42dc2951a5a9	u23_835120	u23@bk.ru	2026-03-22T05:03:53.000Z
ae07e126-2355-422a-8130-b34c569a7310	spb_mix57	spb_mix57@rambler.ru	2026-03-22T05:18:00.000Z
83b260ad-0a1a-43a3-9062-390570bb98d3	tip_kzn26_737435	tip_kzn26@outlook.com	2026-03-22T05:18:59.000Z
d7fc94d9-144e-47a3-904b-5a6a52167cc4	u29_435970	u29@yahoo.com	2026-03-22T05:24:32.000Z
66935c29-2c6b-47d1-9852-7ab8d7ac8cfd	pasha121	pasha121@internet.ru	2026-03-22T06:26:02.000Z
cf17f840-7e4f-4747-a63e-2ddca5a603d2	nastya189	nastya189@live.com	2026-03-22T07:54:32.000Z
05b3392a-293b-4836-a7cd-b0d011320c62	nastya485	nastya485@mail.ru	2026-03-22T08:08:04.000Z
e17e68ca-bf80-4d80-a9cf-741e153ecec6	mix_bar3	mix_bar3@yandex.ru	2026-03-22T08:31:51.000Z
4792e9ae-7cd5-4aa9-a26e-76f6e5b93e4b	tip_msk64	tip_msk64@yahoo.com	2026-03-22T09:15:15.000Z
35a19910-60c2-44fd-acfb-f5964e3badac	mix_kzn93	mix_kzn93@gmail.com	2026-03-22T09:34:51.000Z
42112dae-c6fa-4cfc-abb6-1955b6d75522	bar_neo73	bar_neo73@proton.me	2026-03-22T09:36:32.000Z
f62b9ae4-786f-414f-9f21-adddcc962bf4	oleg297	oleg297@outlook.com	2026-03-22T10:20:40.000Z
bf91b3ad-ac74-4231-b9f6-10d57fbd5f47	u89_680010	u89@bk.ru	2026-03-22T10:53:12.000Z
cf569175-93f5-4c04-b924-6437e18e73ed	kate165	kate165@bk.ru	2026-03-22T11:24:31.000Z
910c1605-e411-40a3-9ed9-25b74aa8cb43	bar_neo97	bar_neo97@mail.ru	2026-03-22T11:37:24.000Z
b9ba2b18-9e7a-4c9a-a409-a3a8ec6c123d	misha113	misha113@rambler.ru	2026-03-22T12:26:14.000Z
a549e1d7-5aca-4b90-b351-e451f933821b	u44	u44@icloud.com	2026-03-22T12:48:19.000Z
c6d70d86-e846-438f-bff7-ff6c1298087a	u18_817856	u18@yahoo.com	2026-03-22T12:58:34.000Z
54ca5307-7852-4150-be35-34fa7ba9691a	tip_tip29	tip_tip29@internet.ru	2026-03-22T13:57:26.000Z
5ea07511-fadf-4a75-bfd7-e448a915bf29	kzn_nsk85	kzn_nsk85@list.ru	2026-03-22T15:05:03.000Z
0ca5ae3d-8d11-4980-b347-4e0e98ff75fa	msk_pro76	msk_pro76@gmail.com	2026-03-22T15:44:23.000Z
62ca912f-3e07-4294-9f0b-900a0565ad21	kzn_kzn25	kzn_kzn25@live.com	2026-03-22T16:31:01.000Z
9307deb3-0def-4ec2-ba7f-f524abce35b1	tip_neo79	tip_neo79@internet.ru	2026-03-22T16:37:56.000Z
18f1226e-ff05-4d7a-83a8-64e211d6f526	u65_867752	u65@gmail.com	2026-03-22T16:41:17.000Z
d3d1ecca-abc8-4e1a-a719-b536b41b4dc5	kate187	kate187@gmail.com	2026-03-22T17:48:38.000Z
9ffb6de7-2d60-43df-8097-9b147713fd4e	u61_148391	u613683941@live.com	2026-03-22T18:06:06.000Z
c84fba00-859a-4cdc-b964-d51dd7083454	u35_553806	u359939549@internet.ru	2026-03-22T18:18:43.000Z
5b3401a3-081d-461f-8b83-e0287d87436f	mix_spb52	mix_spb52@proton.me	2026-03-22T18:23:28.000Z
9ce16231-1a07-4150-a6bc-7c300cb4529c	u81_592265	u8198012076@bk.ru	2026-03-22T18:51:39.000Z
d8403fe5-1c7d-461d-a517-a06316aedd62	oleg553	oleg553@inbox.ru	2026-03-22T19:01:51.000Z
f2fe6ffe-5db7-42ed-ab52-9c0c2c74d304	u39_675184	u39@mail.ru	2026-03-22T19:09:44.000Z
768a8e58-ab90-47d2-8801-5e4b3e8affab	bar_spb7	bar_spb7@gmail.com	2026-03-22T19:21:31.000Z
82b42c1e-7a82-44ac-a67b-8c797f909967	kate105	kate105@live.com	2026-03-22T19:25:15.000Z
d61be92f-ace5-410c-ad19-2289c30eea3b	sveta719	sveta719@yandex.ru	2026-03-22T20:06:50.000Z
e1bfcb0e-2ae6-491f-b523-08617c5fb380	misha548	misha548@list.ru	2026-03-22T20:12:57.000Z
3dca2d82-b5c9-4bff-8119-c69bb07c7f5f	sky_bar41	sky_bar41@list.ru	2026-03-22T20:25:08.000Z
835b94a5-4df1-44b2-bfcf-cba010d60bcc	u46_286232	u46@rambler.ru	2026-03-22T20:28:09.000Z
50aefd50-a5b4-4998-9fc7-ca24fa8a9692	bar_msk65	bar_msk65@yahoo.com	2026-03-22T20:55:06.000Z
c2318688-9194-4ac0-a5b5-a261a6cc11a3	marina191	marina191@list.ru	2026-03-23T05:09:38.000Z
b0ce09e2-17b8-4510-b051-aacc45589fea	u53	u53@list.ru	2026-03-23T05:27:34.000Z
2434d880-2a5c-4ac0-9703-036224ebb364	u57_324221	u57@inbox.ru	2026-03-23T06:19:48.000Z
0af5d429-98d0-48bd-8439-b0903f1f9cd5	u91_170293	u91@list.ru	2026-03-23T06:34:53.000Z
241be264-2341-4254-93bd-c96cab8227ad	neo_msk8	neo_msk8@rambler.ru	2026-03-23T06:58:53.000Z
d0438576-c7f6-410b-bee5-09f76d6b4290	u82_485166	u82@yandex.ru	2026-03-23T07:16:55.000Z
70ddde38-e085-455f-be41-ad535aca0ee6	kate236	kate236@yahoo.com	2026-03-23T09:13:20.000Z
a5f30db0-a1f4-468c-a716-3ef695c446c9	sky_neo59	sky_neo59@gmail.com	2026-03-23T09:32:37.000Z
6e1f1981-983c-4148-a198-9bc157dda59f	u47	u47@yandex.ru	2026-03-23T09:33:29.000Z
ebc7dc6a-2f6b-4ad6-9daa-8ac7055a517c	u63_302056	u63@bk.ru	2026-03-23T10:11:14.000Z
fc12885d-d579-45d2-841a-0c2118e5a51e	marina268	marina268@proton.me	2026-03-23T10:58:05.000Z
a7707e6c-a005-4306-a2c3-4a45c49b3b07	marina294	marina294@live.com	2026-03-23T11:07:07.000Z
e8a365b6-7329-4c69-bf5c-e764e5c17c04	u61_725135	u61@proton.me	2026-03-23T11:13:34.000Z
99abf94a-d539-460b-9394-88698cda8ead	kate820	kate820@yahoo.com	2026-03-23T11:22:59.000Z
4e7507e8-b014-4bfe-8782-421df307957f	spb_tip1	spb_tip1@internet.ru	2026-03-23T11:32:27.000Z
fafd4b4e-f55a-4a14-9168-75a1d19e94ab	u43_931634	u43@live.com	2026-03-23T11:42:27.000Z
cmn349rqe002imt1623foac4l	Test1112	gost0512@icloud.com	2026-03-23T11:42:56.678Z
81849ac2-a329-47d0-b06e-711c0bdb1bf0	kate752	kate752@icloud.com	2026-03-23T11:48:41.000Z
e67d4040-6ad3-485d-8aaf-c371babbbaa9	sveta752	sveta752@yandex.ru	2026-03-23T11:53:24.000Z
83ec30a6-1872-4d2e-819c-433bb0f1f1db	marina424	marina424@outlook.com	2026-03-23T11:57:24.000Z
93ed247b-6248-430f-b7ab-67b18687c2ed	u29_367971	u29@rambler.ru	2026-03-23T12:10:44.000Z
a3ffa203-91f8-4b7c-ac7b-5c8db3eb36c1	bar_msk28	bar_msk28@icloud.com	2026-03-23T12:29:03.000Z
fb3b8215-1bce-40a3-9429-529d05ef49aa	msk_pro55	msk_pro55@inbox.ru	2026-03-23T12:29:12.000Z
40bfd22a-36a6-4e86-a483-8fc77ba0c92d	misha577	misha577@live.com	2026-03-23T13:29:40.000Z
fcf77788-dff3-4007-83f1-7fc342e9ac21	tip_pro12	tip_pro12@bk.ru	2026-03-23T13:32:21.000Z
7293e4b1-c105-48b3-b94a-2ffb7ab12975	tanusha751	tanusha751@mail.ru	2026-03-23T14:11:55.000Z
3cf39516-b022-494c-bc0b-f080dbda519d	marina47	marina47@list.ru	2026-03-23T14:20:33.000Z
66426576-7159-441b-9b9b-61daf42e1681	sky_bar45	sky_bar45@internet.ru	2026-03-23T14:40:10.000Z
57b261f3-f831-42ac-b3d1-151f166f3da0	neo_spb3	neo_spb3@live.com	2026-03-23T15:10:24.000Z
fdedbf35-6e56-4ada-9abf-041b8aba9039	bar_sky50	bar_sky50@outlook.com	2026-03-23T15:35:33.000Z
c9edd554-cc5a-4c5f-b2ad-369cf38b9d30	kzn_pro54_292395	kzn_pro54@rambler.ru	2026-03-23T15:38:28.000Z
0228dac5-590f-41c9-8a2c-5f9c21a04496	u28_615378	u28@bk.ru	2026-03-23T15:47:00.000Z
0fb70b0f-652c-4ece-b3eb-235ab42aeebb	neo_tip6	neo_tip6@mail.ru	2026-03-23T15:52:50.000Z
ba2f3a5f-f54c-4537-bd15-bab17c098510	u18_178505	u18@list.ru	2026-03-23T16:05:36.000Z
df921a29-490b-43ab-9a4c-6ac2b7b01708	bar_msk58	bar_msk58@outlook.com	2026-03-23T16:47:14.000Z
de9bca84-098f-46ac-84ae-ee1bbb2317f3	pro_neo45	pro_neo45@mail.ru	2026-03-23T17:31:58.000Z
689e6626-0d19-495a-9fe4-a9c3503174a9	mix_neo61	mix_neo61@mail.ru	2026-03-23T17:33:26.000Z
a6ac8cf6-aec0-4f2a-928e-fd52c06fd867	nastya323	nastya323@proton.me	2026-03-23T17:34:35.000Z
37e6ce94-ea43-4717-8c65-6843a2f94339	u40	u40@yandex.ru	2026-03-23T18:06:28.000Z
5d7a00e1-c1cc-48a2-8cf2-758c559c0415	oleg214	oleg214@live.com	2026-03-23T18:22:47.000Z
b319c9d3-950d-4d59-b990-18a802fec00c	u37	u37@yahoo.com	2026-03-23T18:29:45.000Z
ec1b0597-4c18-407f-bb62-53973ba8d4dd	mix_spb82	mix_spb82@rambler.ru	2026-03-23T18:34:53.000Z
007f3bb5-2e61-4735-b2d9-57fca8063904	msk_spb21	msk_spb21@rambler.ru	2026-03-23T18:45:03.000Z
ba4f3245-2c26-48f6-86ed-40cb295bcba2	mix_kzn57	mix_kzn57@outlook.com	2026-03-23T18:53:01.000Z
7de36430-1c2c-4b93-a5d2-5d0e09a5f912	pro_spb24	pro_spb24@live.com	2026-03-23T18:55:08.000Z
4ce53a3d-704a-4c11-8f3c-b0db3ed8dbd5	tip_sky50	tip_sky50@gmail.com	2026-03-23T18:58:23.000Z
e826a7f2-1336-4e5e-846c-c2118aad6a85	spb_sky97	spb_sky97@gmail.com	2026-03-23T19:13:33.000Z
a6f709c0-d624-46ab-abf7-6531220b49a7	neo_nsk53	neo_nsk53@yahoo.com	2026-03-23T19:27:08.000Z
de0cc308-1844-4b35-9a1d-c73e21b368fa	u24	u24@internet.ru	2026-03-23T20:18:36.000Z
0364fb2d-686d-45fe-9b52-86a922c6cf0b	igor400	igor400@icloud.com	2026-03-23T20:20:04.000Z
2f783e5f-c292-405f-95ae-46e9fb3e2bd6	u487866	u3@gmail.com	2026-03-23T20:27:02.000Z
8c418044-e3be-49c0-b09b-f85c5eeac4f9	tip_sky1	tip_sky1@gmail.com	2026-03-23T20:50:48.000Z
d1e166c4-f74b-4448-b1d0-d21572693353	dima513	dima513@live.com	2026-03-24T05:12:24.000Z
856b01d0-b47d-4cf7-b4c8-3526b31c55eb	bar_pro37	bar_pro37@mail.ru	2026-03-24T05:18:36.000Z
48e271dd-9146-47f4-8910-d57487842cbd	bar_tip74	bar_tip74@list.ru	2026-03-24T05:58:39.000Z
0d966ea2-9a24-454a-a0c0-b211e8dfefbf	u63_876796	u63@mail.ru	2026-03-24T06:38:43.000Z
51ee7a6c-1a50-42c2-9b45-5df27e921091	u514616	u4@inbox.ru	2026-03-24T06:59:36.000Z
c62be86e-b5f2-4b89-ad32-1dfb822c731f	u72_358694	u72@mail.ru	2026-03-24T07:17:29.000Z
3080b4c4-da38-4b28-bc81-e46404d3aee2	bar_tip13	bar_tip13@rambler.ru	2026-03-24T07:24:35.000Z
96bba0dc-dcac-4cb4-8843-773aab41ef24	sveta753	sveta753@rambler.ru	2026-03-24T07:26:29.000Z
42c0dfb0-95ae-4452-9d8e-64f86874e9c9	misha388	misha388@internet.ru	2026-03-24T07:35:24.000Z
0bd44295-0623-428c-8e42-bebf7f639b8f	sveta375	sveta375@inbox.ru	2026-03-24T08:16:33.000Z
8174f728-ea2d-465c-81d0-807814447995	u850951	u1@yahoo.com	2026-03-24T08:17:05.000Z
fa2fe301-ff56-4707-a2e1-e3e27d68da1d	u55_770834	u55@yahoo.com	2026-03-24T09:06:20.000Z
d48cab58-199b-4813-9b51-7ed6bbd4ba63	msk_mix57	msk_mix57@yahoo.com	2026-03-24T09:17:50.000Z
960a38e7-81b2-4e9e-b322-b62e4665f325	neo_msk16	neo_msk16@internet.ru	2026-03-24T09:21:01.000Z
84522c09-c0d4-443d-8806-a94adb1ae092	nsk_mix86	nsk_mix86@rambler.ru	2026-03-24T09:40:27.000Z
43c9aa37-ef19-4356-9581-9fd2fd916732	spb_sky20	spb_sky20@live.com	2026-03-24T09:43:14.000Z
a473b7bc-44da-48c0-ab9e-6760849f8d01	sky_pro74	sky_pro74@icloud.com	2026-03-24T10:05:38.000Z
f0a4e469-2887-4ec8-aa4a-220e3036a540	tip_kzn12	tip_kzn12@live.com	2026-03-24T10:40:25.000Z
26badcca-b159-4c4c-8bbf-012e3ab49ec7	sveta559	sveta559@inbox.ru	2026-03-24T10:53:30.000Z
50e414f0-86e1-4d78-8391-affd8714c12e	neo_bar67	neo_bar67@gmail.com	2026-03-24T11:01:00.000Z
cf199565-1fa2-4906-b9c0-831f6e88c3b7	pro_kzn58	pro_kzn58@gmail.com	2026-03-24T12:25:57.000Z
4803bdfb-cfc6-478b-8cc5-475bfaefdde3	nastya483	nastya483@outlook.com	2026-03-24T12:35:18.000Z
e48b5afa-a2dd-44dd-aee6-6a083d9cad12	u19	u19@live.com	2026-03-24T13:00:03.000Z
93decbe9-6fca-422a-99a4-6918f310d6e4	bar_kzn19	bar_kzn19@live.com	2026-03-24T13:46:06.000Z
bbb3d54a-3c38-4de8-9de7-8191e74c2060	u93_178634	u9323693949@gmail.com	2026-03-24T13:48:56.000Z
5b84b28b-bc9f-475c-9c0d-ed62ed48b7ee	kate556	kate556@gmail.com	2026-03-24T14:05:04.000Z
184d7a57-450b-4cdb-9c73-be4b88c93a76	tanusha501	tanusha501@list.ru	2026-03-24T14:58:09.000Z
80226b69-46cd-4d53-a3c1-20a47058c8b2	u54_237751	u54@gmail.com	2026-03-24T15:12:52.000Z
5c6a1cb3-c253-4e58-ae52-3309dfe6e7b5	misha279	misha279@outlook.com	2026-03-24T15:41:06.000Z
ece2dce1-4f01-449c-8760-c0ad845a21d3	kate346	kate346@gmail.com	2026-03-24T15:59:36.000Z
222662d8-c3bb-40a7-9816-5440cef149cc	sky_nsk32	sky_nsk32@gmail.com	2026-03-24T16:02:08.000Z
59749ee2-0dbf-4afd-a102-107f037730a0	u65	u65@list.ru	2026-03-24T16:02:46.000Z
ae546b7b-5b92-4c98-b023-8f3ff5726ced	u18_182931	u18@proton.me	2026-03-24T16:09:24.000Z
1ad38e5b-14ce-4b8d-aba4-04b95cfc8d2d	dima185	dima185@proton.me	2026-03-24T16:21:51.000Z
23dcf510-ec97-455d-938b-f4fe933bbde0	mix_neo58	mix_neo58@yandex.ru	2026-03-24T16:22:35.000Z
bd3e1f56-329c-4ce0-bb0c-386048f24658	kate149	kate149@gmail.com	2026-03-24T16:41:00.000Z
64d34aab-d403-4369-bc18-1a26986b5f42	misha187	misha187@yandex.ru	2026-03-24T16:51:01.000Z
4cc9a3d3-a5d8-4c16-a001-00b9e676544f	u59	u59@yandex.ru	2026-03-24T17:14:04.000Z
390a47c4-8f2f-4ddb-a797-2b75cbd2f373	nsk_kzn59	nsk_kzn59@inbox.ru	2026-03-24T18:41:09.000Z
9eeab3ab-412c-42c6-9723-5d1477ba4699	oleg705	oleg705@list.ru	2026-03-24T19:36:14.000Z
79f47e2d-6b2d-4acd-960a-f85f87c31636	u78_232031	u78@list.ru	2026-03-24T19:42:02.000Z
a1e72bef-9127-4daf-9446-5678979bee7c	u28_819062	u28@inbox.ru	2026-03-24T20:40:22.000Z
b8e19e6c-3df5-4b83-aca1-7dc7136a7065	dima725	dima725@gmail.com	2026-03-25T05:56:31.000Z
3b2727a6-81c5-4ecf-b6eb-8659af617be9	u45_910908	u45@yahoo.com	2026-03-25T06:36:28.000Z
1ed2e980-dc1a-455d-8216-8affbdca2e2e	u23_924349	u2339247451@inbox.ru	2026-03-25T07:02:41.000Z
69e111da-0e85-4e49-9b9b-d7118675fc8f	msk_bar96	msk_bar96@internet.ru	2026-03-25T07:44:25.000Z
9ef05748-7d72-4909-aec7-5a98e151dfb3	u26_315774	u2644219780@internet.ru	2026-03-25T07:51:09.000Z
fc2f02a4-c62e-47b1-912b-d56285104c48	oleg260	oleg260@outlook.com	2026-03-25T07:51:37.000Z
369add92-255a-46a9-9a9b-a300e73abec1	pasha208	pasha208@internet.ru	2026-03-25T08:21:49.000Z
de867d95-bc17-4594-8060-7f0b4a1edd5d	dima425	dima425@internet.ru	2026-03-25T08:33:23.000Z
536878e0-86b2-4a63-9315-71d32f28460c	u31_831772	u31@bk.ru	2026-03-25T08:36:28.000Z
9137ca02-0216-45a5-82eb-240be1732c78	sveta867	sveta867@bk.ru	2026-03-25T08:38:09.000Z
e61fe2e8-f929-4242-afe2-c83b7d250b40	tanusha495	tanusha495@live.com	2026-03-25T08:56:09.000Z
eab29c53-13f2-4a30-8ad9-58f854184514	u22_600205	u22@outlook.com	2026-03-25T09:24:04.000Z
8c4dab21-cb7f-43a1-a573-c44a46b546c1	u98_153075	u98@list.ru	2026-03-25T09:25:55.000Z
7d74f2a6-6cef-48b7-b6ac-b83bceec9798	misha66	misha66@rambler.ru	2026-03-25T09:32:41.000Z
b09d053e-61e1-4802-8813-f6c625f0b9a7	u58_807644	u58@proton.me	2026-03-25T10:03:46.000Z
2f7f8238-a6bd-4fb9-b456-2174d4c21d61	bar_sky59	bar_sky59@proton.me	2026-03-25T10:12:23.000Z
a82cff60-01b6-4d02-91a4-b21c1bc46b86	u88_838914	u88@proton.me	2026-03-25T10:17:54.000Z
c06d906f-ac78-49fb-a943-d25db2143c68	u61	u61@live.com	2026-03-25T10:35:07.000Z
007a13a7-ddf4-4551-b084-aec3c535ba60	pro_pro16	pro_pro16@icloud.com	2026-03-25T10:59:21.000Z
610b03ac-a3c4-4a97-aebb-b9242e7e08b5	u42	u42@outlook.com	2026-03-25T11:17:41.000Z
89b5cd7a-46df-48f3-ac66-b4526d78f383	u40_636783	u403202068@inbox.ru	2026-03-25T11:41:52.000Z
f5f25555-a92c-4530-984d-af8cbb8ca20f	oleg864	oleg864@bk.ru	2026-03-25T11:58:01.000Z
50b39fcb-e53e-4a29-afbb-557a56591104	u96_529549	u9643647974@rambler.ru	2026-03-25T12:00:40.000Z
fdd34788-7656-4ab9-bd07-c5679668d8bf	u50_293398	u50@inbox.ru	2026-03-25T12:13:23.000Z
e49e25a3-4ddc-4832-a582-eaf8f32066d6	u91_833491	u9117669659@gmail.com	2026-03-25T12:45:23.000Z
7668e265-4173-4fa3-96a7-138df4d2787e	pro_msk96	pro_msk96@rambler.ru	2026-03-25T13:09:39.000Z
30526d06-2c83-4b34-b48d-233d016d3a96	u407389	u541360211@proton.me	2026-03-25T13:47:13.000Z
3a57fc83-8195-4b01-8c29-243cbe1eb320	nastya689	nastya689@live.com	2026-03-25T14:22:31.000Z
aeb01b30-0cf4-4529-9d2d-fa86ee927358	neo_tip8	neo_tip8@outlook.com	2026-03-25T14:40:37.000Z
7ea51af7-dcb3-48fc-b882-a50d482b06b0	u52_761059	u5282075843@internet.ru	2026-03-25T14:49:33.000Z
abb6c147-2ff6-4910-be55-1b8af92546f5	spb_msk51	spb_msk51@icloud.com	2026-03-25T15:37:16.000Z
b58c8df5-9ebb-4575-9fd7-215ac479a957	oleg80	oleg80@inbox.ru	2026-03-25T15:52:23.000Z
bd5ad900-d56f-4763-a4b0-805a0eddeaf9	dima241	dima241@yandex.ru	2026-03-25T16:04:38.000Z
eced74e3-dfe9-4a20-875a-f2ac5fd25f39	msk_tip80	msk_tip80@bk.ru	2026-03-25T16:06:41.000Z
0425d440-7083-4172-8148-c4e1c72b5549	nastya35	nastya35@icloud.com	2026-03-25T16:07:18.000Z
dae01f20-ff42-498d-a63b-9049e13efd34	tip_msk42	tip_msk42@rambler.ru	2026-03-25T16:09:47.000Z
8925e643-e032-44d8-a914-8131dc67cbab	spb_mix68	spb_mix68@yandex.ru	2026-03-25T16:28:41.000Z
ea1ecb11-e2f2-4fde-8083-3c37af594cd5	kzn_mix46	kzn_mix46@outlook.com	2026-03-25T16:45:22.000Z
8298a596-ccb4-4201-8e87-f4a1d4ce8297	mix_msk23	mix_msk23@internet.ru	2026-03-25T16:48:25.000Z
daba9502-f196-4d30-b583-891e45ccb23e	oleg626	oleg626@internet.ru	2026-03-25T17:35:28.000Z
45c38c52-1e33-4711-91be-afaa19b94a18	u13_596682	u1312935691@rambler.ru	2026-03-25T17:38:31.000Z
43da6d7f-25ee-4c08-8bcd-191fc816482d	nastya629	nastya629@bk.ru	2026-03-25T18:51:01.000Z
c2763387-9182-4819-a3c1-6ade325fd967	misha588	misha588@yahoo.com	2026-03-25T18:55:35.000Z
ebd80b2e-a81e-49d5-898c-20a19007b1dc	kzn_kzn33	kzn_kzn33@list.ru	2026-03-25T19:21:01.000Z
6c523af7-c9b9-4033-84d8-11355220b870	u76_536205	u76@list.ru	2026-03-25T19:29:44.000Z
392f7eb4-9dd0-4b91-a6cd-ed67140917a7	u92_882465	u92@outlook.com	2026-03-25T19:38:27.000Z
98d9c672-9910-42f1-9eeb-12b905fc992e	tip_msk83	tip_msk83@yahoo.com	2026-03-25T19:52:05.000Z
24a2a8f4-20ea-4e8e-b051-5c05b67a7f45	u15_520986	u15@yandex.ru	2026-03-25T20:47:58.000Z
7926e71c-c628-4581-b6cd-ff5965d128e8	mix_mix76	mix_mix76@yahoo.com	2026-03-26T05:38:32.000Z
d69db5c6-a6a6-4e29-8840-0803656dbe27	u85	u85@rambler.ru	2026-03-26T05:39:35.000Z
4ac42eb2-a623-4799-91e5-fbc1f9addc9c	sky_sky56	sky_sky56@outlook.com	2026-03-26T06:22:51.000Z
a6b82266-0236-4c8e-8ef4-5c19b6c447cf	nsk_sky9	nsk_sky9@internet.ru	2026-03-26T06:25:16.000Z
6eacd1a6-4eb1-4405-8e69-843696785a0a	tanusha17	tanusha17@yahoo.com	2026-03-26T06:41:07.000Z
a5c1f33a-6af3-4193-a1b1-bb4bf244b0e5	pasha702	pasha702@yahoo.com	2026-03-26T07:08:47.000Z
750422b5-dd41-4753-ad95-284570e9a139	tanusha45	tanusha45@yandex.ru	2026-03-26T07:11:14.000Z
a5ef4143-0628-4c49-9785-348d2f5b47f1	igor317	igor317@list.ru	2026-03-26T07:22:48.000Z
a8472fdd-b77c-4a1a-9b12-53d113f94292	tanusha590	tanusha590@mail.ru	2026-03-26T07:39:47.000Z
d62c7d04-e9c8-4dd0-b075-1c0dfc0e78bb	u63_619189	u6354382719@mail.ru	2026-03-26T07:56:49.000Z
a2f048df-00b4-4a65-b9b8-8fea1a803197	dima772	dima772@rambler.ru	2026-03-26T07:56:52.000Z
03720d45-5046-48a9-9e7d-80d5ba42f5d2	u75_469917	u75@icloud.com	2026-03-26T08:37:08.000Z
23cb0c21-4f2f-45ae-b7de-42664cb179cf	sveta418	sveta418@gmail.com	2026-03-26T09:04:53.000Z
69db783c-7b65-4678-ab66-79e062656603	sky_spb62	sky_spb62@internet.ru	2026-03-26T09:11:42.000Z
6e410765-19c5-46f6-b8f9-d090ad5f3f4d	msk_nsk21	msk_nsk21@proton.me	2026-03-26T09:15:49.000Z
cf313ac9-39c0-4e90-8c9c-2c1779066dda	kate364	kate364@rambler.ru	2026-03-26T10:59:13.000Z
f0c633d6-bea5-44ae-a8b4-8c2a8a7de8d6	igor732	igor732@rambler.ru	2026-03-26T11:50:50.000Z
b1199b2c-607e-4bfb-8624-09750dc22e73	igor735	igor735@inbox.ru	2026-03-26T12:33:24.000Z
4c93ba49-6b1a-4bd4-8f16-2a051f3d0ff4	u80_778488	u80@yahoo.com	2026-03-26T14:06:26.000Z
9ea4cf9d-0b18-40ca-8bbe-3485fbc369ae	pasha632	pasha632@outlook.com	2026-03-26T14:15:15.000Z
7e1f3394-54be-4683-a58e-a9bf2e6d35c8	dima565	dima565@yahoo.com	2026-03-26T14:27:23.000Z
d5a15298-7244-41d6-9381-86c2d915adcd	u40_302400	u40@mail.ru	2026-03-26T14:41:41.000Z
f3b2204d-4589-4b36-abe8-8d8fa8293592	u60_892647	u60@proton.me	2026-03-26T15:43:31.000Z
638153d4-4a3e-47d5-bb27-371db3b6bd35	u51_128584	u51@outlook.com	2026-03-26T15:48:14.000Z
54849f39-b01f-49f7-aeaa-0d8833df380a	msk_msk43	msk_msk43@icloud.com	2026-03-26T16:38:31.000Z
cd5802a7-92f9-4144-862e-59f53701f6af	u36_983091	u36@outlook.com	2026-03-26T16:40:21.000Z
c7f2e327-cbcc-48ee-9a43-db73e80d539f	u76_442133	u76@mail.ru	2026-03-26T17:16:38.000Z
36d082d4-47d3-498f-a29c-5c12542d08a0	u88_662662	u8852708789@inbox.ru	2026-03-26T17:35:12.000Z
91de5ab8-94f1-4ed3-836d-f31fadbbac5e	nastya640	nastya640@bk.ru	2026-03-26T18:01:29.000Z
0d83f8c8-51e7-423c-a02a-6ffdeecc9466	neo_neo74	neo_neo74@live.com	2026-03-26T18:02:15.000Z
3ca6a21d-df16-4c99-b39a-59a7e05b7ed7	u57_493100	u57@internet.ru	2026-03-26T18:09:11.000Z
4c9323e2-1877-48a8-a673-da822d2e7154	u89_119287	u89@rambler.ru	2026-03-26T18:21:34.000Z
ea4eeb7b-c7da-485f-8c39-01a5a2d9ad2b	nastya595	nastya595@yahoo.com	2026-03-26T18:42:01.000Z
313f9845-8d67-49ce-9cff-190e95965bce	u35_149131	u3532345394@internet.ru	2026-03-26T18:45:20.000Z
4b0ae0d3-077b-452e-ab1e-592e4a4968fc	u95_542823	u95@inbox.ru	2026-03-26T18:55:11.000Z
52c85dea-985a-47e2-b23d-737b23393827	marina815	marina815@list.ru	2026-03-26T19:15:59.000Z
aaae6c53-d773-48df-867d-be798ee3b3e2	mix_neo61_828447	mix_neo6159341473@mail.ru	2026-03-26T19:26:15.000Z
68ef504b-49f0-4f64-97aa-4fe644915f23	u49_151386	u49@internet.ru	2026-03-26T19:37:21.000Z
c9808f71-2544-4db3-895f-0da98cc3a706	oleg253	oleg253@outlook.com	2026-03-26T19:50:11.000Z
6ec8b871-548f-4983-b50b-f8cfa18c8150	nastya703	nastya703@icloud.com	2026-03-26T20:09:24.000Z
9e54ac40-1cb9-436c-bbab-68b3f056697e	kzn_neo87	kzn_neo87@rambler.ru	2026-03-26T20:58:53.000Z
6603b046-0b87-4c69-b4c5-77affc2e2681	u71_227551	u71@gmail.com	2026-03-27T05:06:01.000Z
2afaeb96-c226-46d2-9cb0-fe61d0c7ce69	neo_bar85	neo_bar85@yandex.ru	2026-03-27T05:20:04.000Z
521f074f-3ca0-4020-9b99-37c28facd8a9	nastya290	nastya290@yahoo.com	2026-03-27T05:54:18.000Z
810afdbb-bef5-4a7c-835b-d9f97e54cb59	neo_tip92	neo_tip92@proton.me	2026-03-27T06:06:31.000Z
87b9d53e-c659-4237-8443-d72246b42f37	dima877	dima877@internet.ru	2026-03-27T06:23:38.000Z
dea17136-8010-4d9e-a0dc-44680bc5d44e	msk_bar41	msk_bar41@inbox.ru	2026-03-27T06:51:16.000Z
91b7021b-4b24-4fe5-ac4c-075584b03421	neo_nsk78	neo_nsk78@yahoo.com	2026-03-27T06:58:26.000Z
0d93e787-7562-4cab-8fbe-a0eae175485c	pasha671	pasha671@inbox.ru	2026-03-27T07:01:09.000Z
a29b3f26-9b23-4f9b-9c78-fb69a4156ca5	u52_589951	u52@gmail.com	2026-03-27T07:22:56.000Z
e4507605-44dc-49f2-b401-1d282cb8d285	tanusha136	tanusha136@list.ru	2026-03-27T07:51:57.000Z
464d820e-b59a-4523-81fb-019928d4f37e	sveta720	sveta720@internet.ru	2026-03-27T08:05:50.000Z
af4b44ad-4446-467b-8b52-db321aa5fd73	u318949	u599967345@bk.ru	2026-03-27T08:19:50.000Z
60dc7bc9-366d-431d-8450-2ba7f4652b91	u42_883067	u42@gmail.com	2026-03-27T08:29:00.000Z
ea6e8a48-3dc9-4f51-b3ba-cbdaeae763e7	bar_pro36	bar_pro36@proton.me	2026-03-27T08:43:17.000Z
17c143c4-634d-411b-a0a2-500b2cf10a46	pasha881	pasha881@icloud.com	2026-03-27T09:10:38.000Z
bc6f13e2-2a3e-4378-abb2-14f2af9d5b9d	spb_mix46	spb_mix46@yahoo.com	2026-03-27T09:31:40.000Z
5d569506-8543-480a-9a67-69010142f50c	u45_236605	u45@gmail.com	2026-03-27T09:49:27.000Z
1255a64d-5aa9-4112-b4c1-16fda2f7a9ab	tip_bar5	tip_bar5@proton.me	2026-03-27T11:26:05.000Z
5da62e0e-e13e-4ffb-9c02-2670c3a4ac62	u25_153592	u25@icloud.com	2026-03-27T11:29:46.000Z
a068e2ec-a089-4619-8d4c-6c3a079f1498	u52_371934	u52@icloud.com	2026-03-27T11:34:24.000Z
84a00345-0d7c-4a1a-9381-af7d64f0d1d6	marina736	marina736@yandex.ru	2026-03-27T11:41:08.000Z
a03889c0-9003-4c5d-b87b-7746a96792cf	kate424	kate424@yandex.ru	2026-03-27T12:35:39.000Z
68febebd-51b9-4ac2-adf8-0e92409994c3	u28_326310	u2852100159@outlook.com	2026-03-27T12:45:12.000Z
a6906723-51b9-4f73-aee3-d5d7102a11a7	nsk_sky8	nsk_sky8@rambler.ru	2026-03-27T13:13:49.000Z
c4093031-148d-4001-9db3-b35b6ed05163	nsk_kzn47	nsk_kzn47@rambler.ru	2026-03-27T13:14:47.000Z
20f3f741-587d-412c-873c-4635547fcd1e	oleg609	oleg609@bk.ru	2026-03-27T13:48:20.000Z
de6856a4-b6f3-4945-8333-0e60e61651c1	kzn_pro30	kzn_pro30@list.ru	2026-03-27T14:16:13.000Z
0d731d6a-0eac-4448-84c9-276b9a81b4dd	kzn_msk79_674362	kzn_msk79@yandex.ru	2026-03-27T15:10:40.000Z
04a0df0e-960a-43b1-9b04-bf7ca1880d08	tip_sky63	tip_sky63@gmail.com	2026-03-27T15:23:53.000Z
7f007daf-1d0a-4669-b33d-6f335bbdf06f	nastya507	nastya507@gmail.com	2026-03-27T16:01:07.000Z
99223f0c-34d7-4d6c-8629-772d048eeeeb	u24_200671	u24@rambler.ru	2026-03-27T16:25:37.000Z
22d675c5-9a55-4680-8682-ef4cd9cc68d4	u38_313328	u3837361671@outlook.com	2026-03-27T16:26:43.000Z
093a5613-3380-4346-818c-c4322bf6cf86	igor13	igor13@proton.me	2026-03-27T16:43:48.000Z
a079452f-7b66-42fb-8e6d-04ed9ff146e3	u21	u21@proton.me	2026-03-27T16:57:28.000Z
595d679e-b903-45e3-8aed-204b2cfe6a01	tanusha348	tanusha348@yandex.ru	2026-03-27T16:59:29.000Z
1f92a51a-5ff3-43f2-bfab-20e004fb6cf6	kate568	kate568@outlook.com	2026-03-27T16:59:31.000Z
d7f551d5-7326-454b-a06e-5712b93e5e67	igor374	igor374@rambler.ru	2026-03-27T18:06:17.000Z
18903854-befd-44cb-95cf-0e5a4d539b6e	u72_881335	u72@live.com	2026-03-27T18:06:50.000Z
0b1ec810-35c6-4483-9856-b29e716abf74	spb_sky6	spb_sky6@yandex.ru	2026-03-27T18:16:09.000Z
aee5634f-bf26-4998-af6b-6169692749e9	kate396	kate396@outlook.com	2026-03-27T18:29:14.000Z
e8627727-c377-489d-9908-41aa3b50f769	igor551	igor551@mail.ru	2026-03-27T18:51:05.000Z
a59762db-4662-4c2f-8708-3aacdc1fafdd	u81	u81@bk.ru	2026-03-27T19:51:24.000Z
9856dcb3-2939-4c56-88be-81fdbee17901	kate381	kate381@mail.ru	2026-03-27T20:04:05.000Z
cea376ae-9030-457b-91d2-156af9e9759c	pro_kzn85	pro_kzn85@outlook.com	2026-03-27T20:27:54.000Z
e5eeccdf-1aa6-4458-9070-f33db835c72b	tip_pro6	tip_pro6@inbox.ru	2026-03-27T20:53:42.000Z
3b50759c-7e51-49d1-81d3-c79fed7e5aaa	tanusha253	tanusha253@inbox.ru	2026-03-28T05:29:18.000Z
92110625-f9df-4829-becf-32325dbfe1e9	pro_sky6	pro_sky6@inbox.ru	2026-03-28T06:14:20.000Z
ff8f17f9-2ba0-490e-9d63-8a2731fa6f58	sky_tip42	sky_tip42@gmail.com	2026-03-28T07:48:18.000Z
d8d4cdab-c13b-422d-9765-77457dcf85ca	nsk_bar48	nsk_bar48@list.ru	2026-03-28T07:53:47.000Z
e943fbb1-1c2d-4bd4-bf3d-22abbabcbdc6	u94_803680	u94@inbox.ru	2026-03-28T07:54:47.000Z
079a41cc-7fb9-44e8-ad90-b7699c75335e	nastya643	nastya643@proton.me	2026-03-28T08:02:34.000Z
d98587f0-27a3-402b-a11b-0c184376abf1	dima730	dima730@bk.ru	2026-03-28T08:13:18.000Z
8eae0c58-00f4-4a1f-a019-6fd84627a384	sveta713	sveta713@yandex.ru	2026-03-28T08:18:56.000Z
f1f4a89a-3578-4b32-9c8b-cd2ad182aa93	u63_448705	u63@icloud.com	2026-03-28T08:45:19.000Z
81633c2e-4dc3-42fd-9ffe-1c9b0dc7ebb2	bar_spb88	bar_spb88@icloud.com	2026-03-28T09:20:34.000Z
5c3bdd4a-50ed-45f7-ac30-7e4fce83a0b1	u36	u36@inbox.ru	2026-03-28T09:32:17.000Z
b0e67fa3-5216-4e5a-b855-28ef30363c47	mix_nsk84	mix_nsk84@yandex.ru	2026-03-28T09:49:07.000Z
1525c898-3e50-4a44-961e-1e5ad9b3a301	u78_466404	u78@gmail.com	2026-03-28T10:55:45.000Z
55ed537c-d835-43df-abf4-aec9cca9576e	u23_390710	u23@icloud.com	2026-03-28T11:15:37.000Z
f256cad2-1bc8-419e-8349-48bfd1c90028	msk_mix39	msk_mix39@mail.ru	2026-03-28T11:50:48.000Z
305f66b4-a0ac-4cd0-abb9-a62656b992e1	dima839	dima839@rambler.ru	2026-03-28T13:36:16.000Z
333f681b-06a9-4f2b-9198-28247e8efc03	u57_445805	u57@live.com	2026-03-28T13:36:26.000Z
f1ffd08b-7b27-45c7-b3c4-f82c88e33657	sveta260	sveta260@list.ru	2026-03-28T14:04:12.000Z
f1fc3f8d-4a4b-48a0-999e-b9c344c82947	u92_359218	u9272216734@yahoo.com	2026-03-28T14:07:01.000Z
7d2855c3-4e80-442b-ac73-16bbba7a02a9	u39_757199	u399866924@icloud.com	2026-03-28T14:07:50.000Z
e5dd71a0-6d26-43e2-b3cd-589a0048808b	tanusha493	tanusha493@gmail.com	2026-03-28T14:21:45.000Z
0cf0b92b-d930-42fa-8168-6117791ffdc5	u84_376851	u84@list.ru	2026-03-28T14:37:17.000Z
be682377-0e1c-4d6a-bfa0-8e3e8b4d98b0	msk_msk6	msk_msk6@icloud.com	2026-03-28T14:43:51.000Z
965d8d5f-fefe-44d5-8574-0be36f9bf09c	sveta629	sveta629@internet.ru	2026-03-28T15:29:20.000Z
ec8ea023-a3bd-410b-809d-e52b09ee08f5	u20	u20@outlook.com	2026-03-28T15:44:49.000Z
66d08782-fba4-453b-815d-eacb92990941	sveta651	sveta651@list.ru	2026-03-28T15:46:06.000Z
1a2c2f9f-a432-4c33-bb6e-b270b7e74e78	u34_151855	u34@inbox.ru	2026-03-28T15:53:28.000Z
df408f06-26ce-4845-b96e-8f150bf7750f	mix_pro26	mix_pro26@outlook.com	2026-03-28T16:14:17.000Z
37b1dd2f-78b3-4533-b466-4f1c49bd3661	pro_spb4	pro_spb4@bk.ru	2026-03-28T16:32:15.000Z
42956a94-1310-48e7-8802-9505fa8be428	neo_spb89	neo_spb89@internet.ru	2026-03-28T16:49:26.000Z
1a0b1d82-b0b2-4959-9b9b-c73f6f7d752a	u894623	u3@icloud.com	2026-03-28T17:00:11.000Z
29f34cc0-5580-41be-bef3-ffe663f6d2cf	igor80	igor80@list.ru	2026-03-28T17:27:18.000Z
cc21485a-6520-402e-9c08-7ba0701cc46e	marina100	marina100@live.com	2026-03-28T17:30:26.000Z
b6907520-325b-497c-80d0-7c605614d562	spb_sky38_836685	spb_sky38@rambler.ru	2026-03-28T20:02:24.000Z
0e052f3b-2e7f-47c0-9e8c-c0c24c9dc7c5	msk_mix33	msk_mix33@internet.ru	2026-03-28T20:41:36.000Z
93fd97d9-254e-4198-9aa6-555e959e7948	mix_neo49	mix_neo49@icloud.com	2026-03-29T05:10:04.000Z
7c625451-d11f-46cd-8661-4757db67c494	neo_neo98	neo_neo98@mail.ru	2026-03-29T05:13:21.000Z
1b8a1b7a-7803-4346-b51f-82acadb55fcb	u962298	u6@bk.ru	2026-03-29T05:23:57.000Z
5da1d1a8-2636-46e3-87ab-afb15046899d	u55_151191	u55@inbox.ru	2026-03-29T05:41:08.000Z
91b9993a-beb2-4576-bdcb-44ce8b607f96	msk_tip42	msk_tip42@live.com	2026-03-29T06:04:49.000Z
c0830c3d-53bb-449e-9477-28af25a28531	tanusha773	tanusha773@list.ru	2026-03-29T06:14:31.000Z
57ab98c1-a311-4020-95e3-f9946f17b2e1	u38_806244	u38@gmail.com	2026-03-29T06:28:39.000Z
49e6a8e2-06c5-4822-8e67-5d872164afff	tanusha315	tanusha315@icloud.com	2026-03-29T06:37:08.000Z
61afb4eb-5212-410f-ab1c-549c54a4d021	nsk_spb82	nsk_spb82@rambler.ru	2026-03-29T06:39:16.000Z
e56f6490-1515-4b5a-84eb-6f3832529bec	sky_pro34	sky_pro34@mail.ru	2026-03-29T06:56:17.000Z
f05cf7f9-120f-4638-8e82-bbbf859826e5	u10_502146	u10@rambler.ru	2026-03-29T07:30:00.000Z
055962f9-ab4c-4e12-bb6c-936ea8758cc9	tip_tip44	tip_tip44@mail.ru	2026-03-29T08:01:12.000Z
676fc4a2-0fd4-4004-877c-1ada9aa9754c	bar_tip77	bar_tip77@live.com	2026-03-29T09:07:05.000Z
678b6c53-f12e-4c56-94c0-9b6b13e75e0e	nastya850	nastya850@mail.ru	2026-03-29T09:07:43.000Z
ed39e325-e925-43e1-a8a7-12538cd314ae	u77_388398	u77@internet.ru	2026-03-29T09:32:16.000Z
95553f2b-2cf8-4182-8e49-cc32306e2928	u64_898266	u6460533465@bk.ru	2026-03-29T10:07:44.000Z
17eb09e6-c2cb-4a8b-b3f1-bd9374d8f6d2	mix_bar96	mix_bar96@mail.ru	2026-03-29T10:36:22.000Z
336d3b7e-4349-4736-b2ea-90178b74cb8f	spb_nsk15	spb_nsk15@list.ru	2026-03-29T10:51:58.000Z
5697fed5-e176-4e2f-aeea-cce97b04f4ca	u57	u57@yandex.ru	2026-03-29T11:07:39.000Z
4dd449f8-394e-4a86-80b4-c9734d04b469	mix_pro47	mix_pro47@yahoo.com	2026-03-29T11:16:03.000Z
dcdca331-f9c5-4f99-b733-c51c1c40a2c9	sveta122	sveta122@gmail.com	2026-03-29T11:55:30.000Z
bc11e74f-d9da-451b-a5a1-3e1e998b39c8	kzn_spb13	kzn_spb13@list.ru	2026-03-29T12:35:32.000Z
0a02d84f-b68b-4e6f-9eef-9bf4559a3042	nsk_kzn57	nsk_kzn57@icloud.com	2026-03-29T12:56:56.000Z
c00e524e-26d0-4786-a244-5f645a725523	u44_908120	u44@gmail.com	2026-03-29T13:25:24.000Z
4d119620-6d22-4c8a-87a3-8d6d3b316faa	oleg815	oleg815@inbox.ru	2026-03-29T13:32:03.000Z
78209790-97aa-4ea7-8ce1-a974f0959ada	spb_tip47	spb_tip47@inbox.ru	2026-03-29T14:35:30.000Z
7ffd3ed5-737b-4b89-bbb0-a29f4cfefbea	tanusha851	tanusha851@bk.ru	2026-03-29T14:36:50.000Z
203f6ae5-dd18-4220-9ab8-10b19273cb20	u63_596434	u6367435338@icloud.com	2026-03-29T14:42:33.000Z
5b48746d-ec99-4d4d-942c-4c5d9639a365	neo_kzn7	neo_kzn7@list.ru	2026-03-29T14:52:17.000Z
55274716-065c-4d40-89bc-0ac4319ba4b1	sveta114	sveta114@internet.ru	2026-03-29T15:09:30.000Z
b0dc6446-3e97-4953-914b-1d20ee19fc35	igor870	igor870@rambler.ru	2026-03-29T15:35:49.000Z
dfdd9b8d-d7ef-4453-b88b-a060b1703c21	u87_664858	u87@yahoo.com	2026-03-29T15:37:25.000Z
23c1c53a-2457-4c90-9c66-723638520d06	nsk_neo4	nsk_neo4@yahoo.com	2026-03-29T16:44:44.000Z
7a9e189c-bdfc-4a70-9d20-d163b9f17ac2	sveta569	sveta569@proton.me	2026-03-29T16:48:11.000Z
facdaa9b-3dd1-44da-97c3-e089eb4f3a79	u94	u94@list.ru	2026-03-29T17:09:24.000Z
98183b1f-c0ed-4a4b-809a-5da9b5faa6d5	u42_531727	u42@proton.me	2026-03-29T17:10:03.000Z
23312145-f9db-40f6-a63e-30707fca9bff	u17_647385	u17@inbox.ru	2026-03-29T17:15:22.000Z
3d04eb6b-3812-4e06-aa7e-4283cb4e1095	pasha167	pasha167@bk.ru	2026-03-29T17:25:47.000Z
971dd051-dd0e-49c9-9597-9f095eefb34c	pro_sky51	pro_sky51@inbox.ru	2026-03-29T17:47:38.000Z
0c1466bc-1f73-489b-8747-bdbd37264290	u23_632880	u23@yahoo.com	2026-03-29T18:31:12.000Z
d286a532-f95d-4c21-895f-957b17a9e4f5	marina328	marina328@rambler.ru	2026-03-29T18:34:26.000Z
84d3293a-a3d9-4157-af19-148d2c40fc85	tip_neo38	tip_neo38@proton.me	2026-03-29T18:36:13.000Z
41c0e1d4-1d71-44ab-ac2b-3fdc04c1d65d	igor859	igor859@proton.me	2026-03-29T19:30:10.000Z
ba9badc0-525f-4ac5-aa70-4d83be5cc854	neo_sky56	neo_sky56@yahoo.com	2026-03-29T19:53:59.000Z
0647d39a-a07a-4afd-8e28-0527b7971bf9	msk_pro87	msk_pro87@internet.ru	2026-03-29T20:38:43.000Z
2b9130be-c786-40e1-8194-57980b12fdfd	kzn_msk74	kzn_msk74@internet.ru	2026-03-29T20:51:00.000Z
2bbe06f3-31a3-492d-be3c-2a054aaab3ab	pro_kzn27	pro_kzn27@live.com	2026-03-30T05:23:09.000Z
9c98595c-d5ff-4de8-95c7-34493af8674a	tip_spb32	tip_spb32@internet.ru	2026-03-30T05:30:57.000Z
589b3294-b93e-4668-9244-d3c43245c1b3	spb_kzn19	spb_kzn19@bk.ru	2026-03-30T05:35:45.000Z
af83b64a-5fcd-4e6d-b5b0-e23deec4ae6f	marina594	marina594@inbox.ru	2026-03-30T05:39:37.000Z
b7a8fa13-5b1b-489a-84bc-597b018d03b1	u28_662626	u28@live.com	2026-03-30T05:53:43.000Z
36f2fc44-ed09-474f-b0d8-4c9cdc6a9ba6	marina442	marina442@yandex.ru	2026-03-30T06:05:42.000Z
8a90b2eb-b8af-4539-b9a3-6baf9262d4dc	u15_961721	u1544631086@gmail.com	2026-03-30T06:05:53.000Z
4b32383d-1474-412f-afe7-718e0193eecd	tip_spb21	tip_spb21@live.com	2026-03-30T06:45:25.000Z
b93ac0cd-8126-48d5-a3ef-1ea1a4cf8b39	tanusha814	tanusha814@proton.me	2026-03-30T06:52:40.000Z
088a51b4-2f83-4b72-bef0-c2b878196924	u68_224367	u6898288832@yandex.ru	2026-03-30T07:39:38.000Z
ff2d6f3d-5f25-4a7d-a908-5891730d2abd	u63_401197	u63@yahoo.com	2026-03-30T08:19:22.000Z
0b31e2e1-1fa1-4d51-97b2-8acf85180038	sky_neo5	sky_neo5@internet.ru	2026-03-30T08:44:14.000Z
010c8b17-4b48-4085-9297-2ebeaf3ee379	u42_149918	u4254424172@outlook.com	2026-03-30T09:10:12.000Z
57bba29a-3618-471a-88aa-c974d0402e84	sveta477	sveta477@yahoo.com	2026-03-30T09:16:21.000Z
b90cd980-44fb-4610-8b23-bf6ef98e6b9c	u82_339068	u82@internet.ru	2026-03-30T09:17:15.000Z
795a1fbb-cc00-435e-87ed-3ff058afab81	u61_280118	u61@icloud.com	2026-03-30T09:44:48.000Z
f86595fc-b236-43d5-a308-a8ffbecf8849	dima876	dima876@gmail.com	2026-03-30T10:08:59.000Z
3dd83371-1412-4297-abfb-0106fc8ab8d0	msk_bar30	msk_bar30@bk.ru	2026-03-30T10:25:05.000Z
a34faf24-6ec2-4625-b241-6f3c50acf828	sky_tip73	sky_tip73@icloud.com	2026-03-30T10:40:21.000Z
0c5b2be8-5e63-4358-b4b3-099a06512531	mix_sky15	mix_sky15@internet.ru	2026-03-30T11:07:31.000Z
bd1c8006-243d-46dc-979a-cbb86831e8ad	u79_459655	u7939091627@proton.me	2026-03-30T11:10:43.000Z
1ca36ffd-8c41-466d-9a00-ebe8145ed9c4	pasha257	pasha257@inbox.ru	2026-03-30T11:15:52.000Z
5de0a71d-08e5-4f2b-b541-cd7735829e4b	tanusha223	tanusha223@live.com	2026-03-30T11:17:23.000Z
49850681-c62a-4ed3-bff3-1b088e0463d0	tanusha354	tanusha354@bk.ru	2026-03-30T11:28:31.000Z
7d38dc88-f876-446c-8f68-694600ae3f10	msk_mix44	msk_mix44@internet.ru	2026-03-30T11:46:02.000Z
e5bca79b-5117-4f98-b777-af5a622d2b83	bar_neo95	bar_neo95@rambler.ru	2026-03-30T12:09:45.000Z
47607637-aab1-4f46-a90a-58ab9950c7b7	kate575	kate575@mail.ru	2026-03-30T12:18:00.000Z
3f2c4b05-e827-4be2-8171-1e041db27f95	u26	u26@internet.ru	2026-03-30T12:18:06.000Z
5f98df86-5484-437d-a743-693a5031f98d	bar_kzn85	bar_kzn85@inbox.ru	2026-03-30T12:19:59.000Z
5d3eda0d-ea3b-4059-9aaa-9353a5c568f6	u12_172445	u12@mail.ru	2026-03-30T12:39:16.000Z
d5efb9ca-0226-4922-a879-00f974d88da6	u79	u79@list.ru	2026-03-30T13:30:01.000Z
dd420985-a9b9-485f-876a-610ef5dade9f	msk_mix65	msk_mix65@rambler.ru	2026-03-30T14:12:04.000Z
9d613f82-ba4e-4d6a-af8f-957386f47e2b	sky_bar80	sky_bar80@internet.ru	2026-03-30T14:39:05.000Z
0e9b63a4-bc9e-4e53-a9b3-d39fde117807	u36_918970	u36@bk.ru	2026-03-30T15:02:21.000Z
245473ee-296a-479d-aadc-f7f36b6eeafa	u31_182647	u31@outlook.com	2026-03-30T15:14:41.000Z
1bfd5529-1406-4f8a-9253-c0d4b80baf6d	sveta794	sveta794@yandex.ru	2026-03-30T15:42:38.000Z
31591b18-4e7a-4bc5-bd7c-f2d0f386a74b	u16_811370	u1666587937@live.com	2026-03-30T16:27:57.000Z
79b3dc85-9787-49cb-bcd6-6a18d4232775	mix_mix74	mix_mix74@mail.ru	2026-03-30T17:08:46.000Z
2368971f-1dca-41d8-bbea-513506ba505a	u51_377565	u515611601@bk.ru	2026-03-30T17:47:12.000Z
90d3755e-a219-4cf3-af8a-80c4be7105bd	kate565	kate565@list.ru	2026-03-30T17:51:40.000Z
1482516c-84cc-43fb-b7ff-32a8dce228a7	bar_tip61	bar_tip61@rambler.ru	2026-03-30T18:30:52.000Z
8cb1d3ca-3611-4e10-b840-0d12dac97815	kate472	kate472@yandex.ru	2026-03-30T18:46:38.000Z
e4d4a8f0-035e-4539-944d-aa6462df14cf	dima479	dima479@icloud.com	2026-03-30T19:17:42.000Z
dd077f2a-ca57-4375-b952-9cd8bd0b4c57	spb_nsk5	spb_nsk5@icloud.com	2026-03-30T19:32:58.000Z
2ae84e6d-2112-4817-85d6-8fdb2e7b2920	tanusha293	tanusha293@bk.ru	2026-03-30T20:02:31.000Z
14baca99-50f0-4275-97b3-27c49fe56af8	tip_nsk33	tip_nsk33@bk.ru	2026-03-30T20:16:40.000Z
fe9e4d99-fbe8-4dd7-af55-b23d8fc46cb0	u71	u71@list.ru	2026-03-30T20:20:22.000Z
eacdb1fe-3c4d-4710-952a-d14116df0aee	u18_578688	u18@icloud.com	2026-03-30T20:21:57.000Z
c7f9dd16-b78b-4e68-b1b0-f31497fa83c4	mix_tip83_207785	mix_tip83@inbox.ru	2026-03-30T20:29:23.000Z
cebbeebc-10bc-4de7-b727-fdc2fd3b324c	nastya828	nastya828@yandex.ru	2026-03-30T20:50:45.000Z
42761f26-b92f-47f4-b741-eff8c79ca667	igor630	igor630@mail.ru	2026-03-31T05:17:49.000Z
25a9c998-eca0-4840-b807-76d34effaec4	msk_pro50	msk_pro50@gmail.com	2026-03-31T05:34:08.000Z
a62ee60b-8ff7-4e17-8c35-d8f7d7e13dfa	u87	u87@inbox.ru	2026-03-31T05:52:21.000Z
b81271e8-79a8-4425-acd1-4c3b31d93057	pro_mix80	pro_mix80@internet.ru	2026-03-31T05:53:10.000Z
c7f5127e-b31f-4650-b72c-83e9575f77f9	oleg25	oleg25@gmail.com	2026-03-31T06:32:37.000Z
6fef0b8c-dbdc-4a01-818b-ea5014ac9b2b	u71_484110	u71@mail.ru	2026-03-31T06:51:07.000Z
7e196d27-7ce5-498c-8159-f62035450372	sky_sky86	sky_sky86@rambler.ru	2026-03-31T06:55:34.000Z
3ce029b5-fdd6-4329-87d0-fbf4c03dd9b0	igor270	igor270@yandex.ru	2026-03-31T07:15:06.000Z
7be1cb7b-21a9-462c-bd1c-661d1645a418	mix_pro11	mix_pro11@proton.me	2026-03-31T07:38:25.000Z
dcfd8c07-5a12-498f-9fb1-88a15219676b	nsk_mix48	nsk_mix48@outlook.com	2026-03-31T08:09:42.000Z
695d2c14-aa80-4e72-aa27-df393273a14e	nastya850_441853	nastya850@list.ru	2026-03-31T08:27:43.000Z
dae5aa0f-b1cf-44f6-8a18-162f52c318d3	sky_neo39	sky_neo39@internet.ru	2026-03-31T09:11:07.000Z
c1f83bdb-00ed-4eab-90a1-28cfdddc42f9	pro_neo88	pro_neo88@bk.ru	2026-03-31T09:40:33.000Z
bcd59b28-b4d2-44af-b84e-c6569db90091	dima770	dima770@list.ru	2026-03-31T09:46:37.000Z
79734096-f6c4-4711-bbe1-b15495dbc12b	u30_406611	u30@inbox.ru	2026-03-31T10:48:27.000Z
e4d40d04-9401-4987-bd7e-aa395f5ef33f	msk_sky88	msk_sky88@yandex.ru	2026-03-31T11:55:55.000Z
88abd52c-3967-4e8f-9871-63e44cb40a90	sveta378	sveta378@proton.me	2026-03-31T12:01:19.000Z
8c1d2ef9-eda1-4938-b03f-56961575b75b	u49_567273	u4914950089@proton.me	2026-03-31T12:05:29.000Z
c7ccd40f-e9ac-4695-94b8-de5aa55ac05b	u36_365367	u36@icloud.com	2026-03-31T12:20:28.000Z
6f229656-14fa-4eb7-9648-eeb423e7cf1f	u35	u35@inbox.ru	2026-03-31T12:36:35.000Z
58101f4f-7d3d-412b-9772-9c88283e7581	pro_msk54	pro_msk54@list.ru	2026-03-31T12:46:51.000Z
cb389fd1-1a88-46e5-936f-52db99509bd4	sveta717	sveta717@mail.ru	2026-03-31T12:56:41.000Z
c9571e0d-c778-41ba-afa6-6edb91f68ecd	u75_575766	u75@list.ru	2026-03-31T13:05:52.000Z
a6080238-a135-4f61-aa6b-45764b1f7ce6	u55	u55@internet.ru	2026-03-31T13:11:38.000Z
c0da09a8-6846-4a55-af71-36af5dd802df	neo_mix93	neo_mix93@bk.ru	2026-03-31T13:33:32.000Z
30fa3dc6-ab46-446b-9d54-557603a41fb8	kzn_neo60	kzn_neo60@list.ru	2026-03-31T13:34:09.000Z
18c730c8-8d36-4c10-b2bc-8177be08294f	misha413	misha413@rambler.ru	2026-03-31T13:38:13.000Z
da73b00a-15e2-40db-8501-c3e47958926f	dima334	dima334@bk.ru	2026-03-31T13:47:57.000Z
d5c3bc17-a39a-4470-8513-669315267d6f	oleg688	oleg688@mail.ru	2026-03-31T14:25:16.000Z
cmnepzq4q0000tj3mb8m6hj5n	AhmedM5F90		2026-03-31T14:36:27.530Z
877f2b7f-ffc7-42dc-9ecc-1203183648f7	u13_737005	u13@mail.ru	2026-03-31T14:37:26.000Z
c81bef35-56de-408d-ab7a-0ca86fac3ef9	u49	u49@yandex.ru	2026-03-31T14:57:49.000Z
304afb7e-f86d-4d96-8b35-6fddcc0765c2	pasha52	pasha52@bk.ru	2026-03-31T15:15:05.000Z
28429b77-324a-416d-b5e5-f18fa9564efc	kzn_msk79	kzn_msk79@inbox.ru	2026-03-31T15:46:48.000Z
1eaf2200-7d57-4084-b7cc-01f93e9e93c5	u83_850256	u83@proton.me	2026-03-31T15:55:58.000Z
222bcce0-2c93-435b-b06a-c2c6fec0fc7d	u51_736762	u51@rambler.ru	2026-03-31T16:07:54.000Z
bdcaa88f-b6dd-4806-94bd-09851b72d997	pasha374	pasha374@list.ru	2026-03-31T16:14:08.000Z
2b488495-3359-4cf7-b800-4dee87a713f7	tanusha91	tanusha91@outlook.com	2026-03-31T16:24:57.000Z
f72416bb-2465-4e87-8dbb-24b993462c34	bar_mix29	bar_mix29@live.com	2026-03-31T16:48:27.000Z
a9255d87-1b14-4877-aa4d-b5f4afa15c36	nsk_pro58	nsk_pro58@live.com	2026-03-31T17:02:15.000Z
0638593c-0c24-4b7e-b76e-812a3f1f1a7d	tip_bar34	tip_bar34@icloud.com	2026-03-31T17:22:49.000Z
a14b8d26-17b3-47e3-ac2a-fc5dafb30359	u67_673074	u67@list.ru	2026-03-31T18:14:47.000Z
98475b5f-2104-47e6-bef0-46a1092de7fe	tip_pro30	tip_pro30@bk.ru	2026-03-31T18:18:06.000Z
757a233c-061d-4eb3-8aaf-6daf80bc83ef	u56_985758	u5668422067@internet.ru	2026-03-31T18:56:37.000Z
e91491b0-247b-403b-ad1d-1f6ec92e1e88	u51_768900	u5159058185@outlook.com	2026-03-31T19:13:40.000Z
95fbfa93-e545-4002-9c81-15f5e044b4d3	pro_msk10	pro_msk10@mail.ru	2026-03-31T19:21:38.000Z
3b651978-8767-46b4-a3f6-b807fb65ff05	kate224	kate224@rambler.ru	2026-03-31T20:49:30.000Z
fc616347-de49-41a1-b550-67545a887d2c	u83_992845	u83@mail.ru	2026-03-31T20:52:05.000Z
15b0c12e-66c1-4b1f-bbc5-2747ab1cff2d	misha844	misha844@mail.ru	2026-03-31T20:56:19.000Z
7e9fbfda-6467-4ee7-bb4a-97017125608b	u17_720672	u17@outlook.com	2026-04-01T05:08:15.000Z
6a603f6f-5644-4330-919e-b2658aa61ee0	pasha144	pasha144@rambler.ru	2026-04-01T05:35:43.000Z
38173283-ba10-463f-a535-b5db012d5dbf	u29_843466	u2984417469@internet.ru	2026-04-01T07:20:46.000Z
01ab54d1-7b15-4804-ab59-dce2b730c7e6	u92	u92@yahoo.com	2026-04-01T08:09:18.000Z
7b3ec31d-4707-4e82-a2b2-5867aee8b32c	msk_pro81	msk_pro81@inbox.ru	2026-04-01T08:34:58.000Z
7ce99fa6-37be-4e29-aed3-fc62e050ab70	sky_kzn24	sky_kzn24@outlook.com	2026-04-01T09:17:14.000Z
1e4781ac-0d26-47ac-ae10-e6211e1687e2	kzn_mix89	kzn_mix89@internet.ru	2026-04-01T09:23:05.000Z
4937287a-ac6e-4668-8322-d086bf764f0f	dima95	dima95@proton.me	2026-04-01T09:25:36.000Z
ca4eb663-0f86-4701-8636-50bf9d7f4b86	kzn_pro54	kzn_pro54@icloud.com	2026-04-01T09:26:21.000Z
0a5ba542-6889-4d9b-966d-56710966c591	mix_mix14	mix_mix14@mail.ru	2026-04-01T10:19:24.000Z
e5db2e60-886a-4bdf-a147-1c4b4e2fae92	u70_746657	u70@bk.ru	2026-04-01T11:26:58.000Z
e93e8c6e-e6e2-42fe-aff0-1655caccc5b4	u68_581936	u6864170146@internet.ru	2026-04-01T11:47:11.000Z
2ad7930b-9cbd-420e-8461-b4e827fd9760	pro_neo76	pro_neo76@live.com	2026-04-01T11:52:11.000Z
5872957b-8040-4f85-b779-f308278c8997	u88_800966	u88@live.com	2026-04-01T12:07:41.000Z
7f436001-c62b-4d34-b775-7f534fa54cd6	mix_sky76	mix_sky76@mail.ru	2026-04-01T12:26:11.000Z
d6b1d689-89b6-4c2f-bbb9-9880368cb8c4	u39	u39@gmail.com	2026-04-01T12:37:10.000Z
4b291602-7785-4336-b887-3060250a9789	u91	u91@gmail.com	2026-04-01T12:50:00.000Z
120c7fcb-dc08-4efb-bd32-6ab7cccd66b0	marina18	marina18@rambler.ru	2026-04-01T13:19:00.000Z
6226d4d2-63ec-470a-9038-7ea9edc3cb30	marina480	marina480@rambler.ru	2026-04-01T13:48:05.000Z
6e23db18-930e-46de-9cf0-0c0a63a4a148	u51_615638	u51@list.ru	2026-04-01T14:05:23.000Z
4d2df949-43eb-4c2c-8773-244729dae1b9	msk_bar92	msk_bar92@icloud.com	2026-04-01T14:40:15.000Z
98a1478b-f19f-4dec-b853-9f009e0ef233	nastya901	nastya901@mail.ru	2026-04-01T14:49:58.000Z
ec0486ce-259f-41a7-8047-c5d6dd03c5fb	pro_mix61	pro_mix61@gmail.com	2026-04-01T15:07:48.000Z
e0df345f-136e-47a4-a7f2-782d1511dd2e	neo_bar86	neo_bar86@list.ru	2026-04-01T15:15:12.000Z
a88e3346-262d-4ec5-a75e-f2e5ff17624f	msk_bar38	msk_bar38@internet.ru	2026-04-01T15:35:04.000Z
9469fe66-6b99-410d-8118-5e64deb3ebc8	kzn_spb83	kzn_spb83@icloud.com	2026-04-01T15:36:56.000Z
e5ebf378-cd9e-4748-b003-8441958cd80f	sveta466	sveta466@yahoo.com	2026-04-01T16:01:09.000Z
268a631a-43a1-468d-b71b-62cf52cfdcd6	nsk_spb98	nsk_spb98@inbox.ru	2026-04-01T16:02:37.000Z
18d87efa-3534-434e-953d-63476da3a67d	u80_488519	u80@inbox.ru	2026-04-01T17:38:02.000Z
0d115703-bc78-42dd-9105-cc36f0ece810	tip_spb95	tip_spb95@live.com	2026-04-01T17:39:41.000Z
30decd94-5ea8-4a63-9422-8fe5f031981a	u65_590030	u65@inbox.ru	2026-04-01T18:47:53.000Z
062efeca-b0c0-4789-beed-49edba0866d4	u39_443651	u39@icloud.com	2026-04-01T19:35:04.000Z
07869dcd-1351-4729-94ce-b70e12df26fd	pro_bar43	pro_bar43@rambler.ru	2026-04-01T20:15:22.000Z
a3c243a7-70e0-4065-9b02-27f456eb89c0	mix_msk65	mix_msk65@mail.ru	2026-04-01T20:26:47.000Z
56b76e40-c8af-4425-b89a-ed5ca5ffbff9	nastya136	nastya136@bk.ru	2026-04-01T20:31:10.000Z
ac5c3e80-3769-45fb-9755-f976b730faad	nsk_mix70	nsk_mix70@proton.me	2026-04-01T20:57:17.000Z
9753b5f9-59ad-4919-99a8-dbc62e75081d	neo_spb69	neo_spb69@outlook.com	2026-04-02T06:07:57.000Z
59fdaf44-7afb-42f1-9463-a7dba9915bc1	tanusha344	tanusha344@rambler.ru	2026-04-02T06:21:50.000Z
350b4617-e115-4118-b4e8-74efff4d4b9c	kate501	kate501@icloud.com	2026-04-02T06:31:07.000Z
42a69adc-f61b-4cf9-9250-3ab24c306199	marina115	marina115@yandex.ru	2026-04-02T06:34:36.000Z
43fbbae8-cecf-41ac-b937-e93f5c8ea5a6	bar_pro22	bar_pro22@internet.ru	2026-04-02T06:52:48.000Z
7be47f6d-d75b-4172-b0f7-d630a085a6fa	nastya734	nastya734@inbox.ru	2026-04-02T07:29:50.000Z
e4e4b319-6ff8-49f9-aabb-c6553c132d99	u12	u12@yahoo.com	2026-04-02T08:10:08.000Z
0feea9db-f767-41f6-848b-341186146acf	u40_862536	u4087742550@inbox.ru	2026-04-02T08:47:50.000Z
5a14e7e7-e886-4a2b-9b61-5c2158678620	u41_944079	u41@rambler.ru	2026-04-02T08:50:29.000Z
22efb257-dced-4879-a739-7c4a0ff21910	u802197	u6@yandex.ru	2026-04-02T10:30:34.000Z
35ab49b9-1b6f-45c8-af74-efd40c40ede1	u191367	u4@internet.ru	2026-04-02T10:50:08.000Z
b9c5e95b-a205-485d-b253-4d35d44829f8	kate849	kate849@internet.ru	2026-04-02T11:05:12.000Z
1bb0b445-c2ac-427e-9055-1549cfc1a9bc	misha75	misha75@rambler.ru	2026-04-02T11:11:45.000Z
3226398a-b2d6-4dc9-ab4e-c1bbcca8032f	tanusha305	tanusha305@internet.ru	2026-04-02T11:12:02.000Z
955b3a57-242d-44ec-bea3-69a076ef8e06	pasha843	pasha843@yandex.ru	2026-04-02T11:19:28.000Z
bf2b428e-37ea-414b-a957-f0c2bd87c342	u60	u60@live.com	2026-04-02T11:55:24.000Z
57aa2eeb-97f4-4dcc-b6f0-a619594544e1	u89_518291	u89@yahoo.com	2026-04-02T11:57:44.000Z
a5dcca7c-8c87-47bb-9103-9f91725b0298	u786686	u9@icloud.com	2026-04-02T12:15:13.000Z
5f9677ba-00c7-4bf0-8c2d-40a35fc455ae	nastya316	nastya316@icloud.com	2026-04-02T12:32:30.000Z
c127e46a-d554-4a82-bd1d-a24f194e8af3	u27_381426	u27@outlook.com	2026-04-02T12:34:44.000Z
3623a105-a49b-4f51-b068-610344b637ee	nsk_kzn57_284281	nsk_kzn57@inbox.ru	2026-04-02T12:36:08.000Z
6d065325-7f68-433c-82df-d72b329613db	spb_neo11	spb_neo11@live.com	2026-04-02T12:44:11.000Z
dd6609cc-427a-4426-ac6c-2c6370a1d4b2	tip_kzn26	tip_kzn26@internet.ru	2026-04-02T13:34:34.000Z
68a1fe2c-7b67-442d-9e2b-24341ca24a78	u50_604512	u50@rambler.ru	2026-04-02T13:48:36.000Z
a857464a-8a15-4ab5-a8d0-1a5a05ae4389	tip_mix64	tip_mix64@bk.ru	2026-04-02T14:51:31.000Z
1118481d-1816-41f0-91c4-fa4df7a6e3ac	dima164	dima164@gmail.com	2026-04-02T14:53:40.000Z
cmnhn215i0006nl1i1chbxb4d	Mnukyan1995	5lnl1@sharebot.net	2026-04-02T15:37:34.806Z
3117d391-5782-4171-956d-95a33fd6a335	nastya340	nastya340@mail.ru	2026-04-02T17:05:17.000Z
a90be7b4-c03c-4161-b399-adf90bcbd5db	tanusha684	tanusha684@yandex.ru	2026-04-02T17:08:00.000Z
2b215490-20c8-465d-97a9-0de69a24a08e	pasha205	pasha205@inbox.ru	2026-04-02T17:12:38.000Z
09aa6553-0907-43f0-af7f-b01748b1bfdb	u126444	u9@bk.ru	2026-04-02T17:17:09.000Z
cmnhqwe8l0004qk1h02thf36z	OFIC95	b2zgb@sharebot.net	2026-04-02T17:25:10.294Z
7b0a22f2-8dcb-422e-8d96-895111a60556	tanusha542	tanusha542@proton.me	2026-04-02T17:59:36.000Z
3ef5bb4b-5d3b-4c70-ac9e-d1e6bf022a37	msk_tip8	msk_tip8@outlook.com	2026-04-02T18:02:23.000Z
6c982a12-580d-4507-8b74-bead57fc39d6	u88	u88@inbox.ru	2026-04-02T18:02:50.000Z
3bd79b11-52ea-4f7c-a4da-9eec35bc32d8	msk_sky50	msk_sky50@outlook.com	2026-04-02T19:04:39.000Z
55ce4bab-a7fa-4171-81ae-93693e6708b7	sveta246	sveta246@outlook.com	2026-04-02T19:47:42.000Z
49e0d8ab-74d4-413d-b7ee-72910b3a4299	pasha500	pasha500@gmail.com	2026-04-02T19:53:14.000Z
58b4b049-2c37-4709-be9f-bd738f420243	u17	u17@live.com	2026-04-02T20:21:41.000Z
d9ffce45-373e-484e-a11a-8de8f1c283cc	marina164	marina164@icloud.com	2026-04-03T05:39:52.000Z
abd9b977-abc3-4774-a298-d052bf4e4ddb	sky_neo68	sky_neo68@outlook.com	2026-04-03T05:59:05.000Z
1775e5e7-f3de-4646-af90-3824b7276e16	bar_pro16	bar_pro16@rambler.ru	2026-04-03T06:06:24.000Z
0a44b35f-e4ba-4486-825b-f08d9dddc3e5	mix_mix49	mix_mix49@mail.ru	2026-04-03T06:14:05.000Z
5368a2b2-f903-46a9-b51b-9a916f78bd53	neo_spb46	neo_spb46@bk.ru	2026-04-03T06:19:14.000Z
23d27c4d-a117-46c6-a012-56fae1c5f902	u72_726556	u72@inbox.ru	2026-04-03T07:14:11.000Z
d53d3988-3f08-4081-824a-6a6b7b96d7ed	u64_315406	u6430398091@bk.ru	2026-04-03T07:56:12.000Z
31b38e65-baec-48ad-aa1f-242e1e3d65f1	tanusha168	tanusha168@inbox.ru	2026-04-03T08:21:18.000Z
7af2743c-329d-4ff8-a524-73950906b459	igor111	igor111@live.com	2026-04-03T08:38:40.000Z
9956354a-8ac0-4ac8-8c85-25d917eaf500	kate834	kate834@live.com	2026-04-03T08:47:16.000Z
d43fe663-7ab9-401a-a578-e7e53a5b86b6	tip_sky80	tip_sky80@inbox.ru	2026-04-03T08:50:21.000Z
b2340eae-840e-4a9f-a502-35ed64d1a2a4	tip_pro75	tip_pro75@inbox.ru	2026-04-03T08:52:14.000Z
633b73ad-4fc5-48f0-b7c6-d3590f7ae5a8	u10_323329	u1087256253@proton.me	2026-04-03T09:02:25.000Z
56b9b1c3-7756-4c94-8653-6680294b8ad4	tip_kzn57	tip_kzn57@bk.ru	2026-04-03T09:17:39.000Z
07c4358c-8d4d-4c7e-8675-c439b23a444a	tanusha159	tanusha159@proton.me	2026-04-03T10:12:59.000Z
4ffb0dcb-dad4-4b04-abe6-ccb1abd5c910	kate435	kate435@outlook.com	2026-04-03T10:26:35.000Z
834968cc-2095-4abf-bd19-cf121099797c	mix_bar15	mix_bar15@rambler.ru	2026-04-03T10:34:32.000Z
04f62bf7-330c-4a72-8e61-77ff68ebb478	u18_553453	u1893595851@list.ru	2026-04-03T11:25:33.000Z
e5ec7282-9c11-475c-9fac-7a7dfbcf5720	u82	u82@live.com	2026-04-03T11:57:10.000Z
dd8097c5-bb03-4325-9002-cd28d0807697	pasha382	pasha382@yahoo.com	2026-04-03T12:12:50.000Z
21f414dd-99ba-4d87-8136-cc1b1136bd70	bar_bar49	bar_bar49@proton.me	2026-04-03T12:44:49.000Z
a235253e-9178-4635-bbca-99fa1e0ed01d	u70	u70@rambler.ru	2026-04-03T13:14:34.000Z
0095f5a0-42b5-4d18-b08d-cfa039d8e837	tanusha775	tanusha775@mail.ru	2026-04-03T13:50:33.000Z
f4a16ef0-5f0b-4386-bbc2-1d0a3bdbcf92	u48_863990	u48@bk.ru	2026-04-03T13:54:20.000Z
e1912267-dc47-45de-897d-697d62e45789	dima485	dima485@bk.ru	2026-04-03T14:38:26.000Z
f76d9392-7610-4a45-8975-3d5015ee4e9b	tanusha672	tanusha672@proton.me	2026-04-03T14:38:33.000Z
d4f6b396-5b22-4e9e-9430-b332d9f10c15	u74	u74@rambler.ru	2026-04-03T14:46:53.000Z
9b924a18-eaab-468b-8112-9bd7dd5d86c0	marina335	marina335@yandex.ru	2026-04-03T15:05:39.000Z
9e961a87-5afe-48c8-b121-3a3c2ac89b17	oleg222	oleg222@proton.me	2026-04-03T15:13:34.000Z
6165b6e9-e392-4ccf-8862-a34a0d89ee9e	u60_881277	u60@yandex.ru	2026-04-03T15:33:16.000Z
03e4c880-2404-4376-957b-ac232050c8c6	sveta708	sveta708@gmail.com	2026-04-03T15:34:39.000Z
07d9a595-0a12-46b4-ae92-93c5ccd8d064	mix_spb81	mix_spb81@yandex.ru	2026-04-03T16:19:59.000Z
b71751ed-3267-4f62-8ebd-48236cf600fe	u12_900378	u1257563296@proton.me	2026-04-03T17:50:44.000Z
2e2224c7-4cc2-4cfe-ba16-3704409a0555	spb_spb34	spb_spb34@inbox.ru	2026-04-03T18:21:59.000Z
5cb6201d-44ba-4838-b707-67fa722e68d0	dima766	dima766@outlook.com	2026-04-03T18:47:43.000Z
444e1d0f-5a7b-4134-9970-464cb7dc0036	u43	u43@yahoo.com	2026-04-03T18:59:50.000Z
e7fcbab2-cfe5-41dd-8b02-f5566d9b995d	nsk_sky59	nsk_sky59@rambler.ru	2026-04-03T19:26:43.000Z
42617246-1bcb-4649-b67a-f11c90aff3c7	u85_886918	u8594481271@rambler.ru	2026-04-03T20:15:04.000Z
313bee39-f320-4dc2-883c-0c050dbecb41	u97	u97@icloud.com	2026-04-03T20:28:21.000Z
25d4496c-485d-4a87-b57f-59002226865d	kzn_pro47	kzn_pro47@inbox.ru	2026-04-04T05:42:51.000Z
ca399254-ef7f-40fd-810a-1122952d0f0c	kate888	kate888@internet.ru	2026-04-04T05:47:32.000Z
e7ba6000-fecd-4feb-8f7b-09dc7e12a828	pro_sky25	pro_sky25@rambler.ru	2026-04-04T05:50:08.000Z
29e6c800-3e8f-4cc8-bda7-543d6ab16cb6	nsk_kzn89	nsk_kzn89@inbox.ru	2026-04-04T06:42:32.000Z
dfa944a6-0501-41d7-b894-9d9a1accf047	tanusha334	tanusha334@gmail.com	2026-04-04T06:43:15.000Z
6a909c2d-2b8c-42ba-a98b-7c48665d723b	u56	u56@icloud.com	2026-04-04T07:01:00.000Z
1cc6049e-b17d-449b-94cf-477c706a1d92	u28_371538	u28@list.ru	2026-04-04T07:14:27.000Z
aacaeea8-d3d6-4d9f-b44e-0510b9acf344	u896759	u6@internet.ru	2026-04-04T07:16:54.000Z
c0744e88-a54b-40f9-99ed-369f70bad0d6	u35_956397	u3592335813@list.ru	2026-04-04T08:37:51.000Z
93523a7d-8f6a-4e8e-8ded-6ab8cb5e4f2b	nsk_mix20	nsk_mix20@gmail.com	2026-04-04T10:00:57.000Z
36099a23-50a7-4727-b6fb-112f16d00fc7	pasha839	pasha839@icloud.com	2026-04-04T10:29:55.000Z
6d26d8f9-660b-4d59-a4d6-fd2695a0c47e	marina641	marina641@bk.ru	2026-04-04T10:30:43.000Z
ed8f481b-e1e1-4692-87ed-d23ee5716ca9	u45_170506	u45@yandex.ru	2026-04-04T10:38:16.000Z
53874218-e516-4088-a943-4901f5e4bc62	kate279	kate279@list.ru	2026-04-04T10:53:22.000Z
31c989c3-da73-4293-b8e3-76dc07a8391f	kzn_msk6	kzn_msk6@internet.ru	2026-04-04T10:57:37.000Z
686c6c14-06ea-48f7-bcee-09f01f4bd105	u487294	u9@yahoo.com	2026-04-04T11:20:16.000Z
c6b76da4-2653-4b98-a0e1-0e5a54a6be4b	kate441	kate441@outlook.com	2026-04-04T11:35:16.000Z
30aa6e4b-58d9-4a28-8c34-8b61c6ed501a	u41_389345	u41@bk.ru	2026-04-04T11:56:36.000Z
3fde2ef4-1236-43f0-8b56-853a34a655bf	u30_689432	u30@icloud.com	2026-04-04T11:57:38.000Z
2392d6f7-c168-4081-8a91-670d46a654ba	tip_nsk97	tip_nsk97@list.ru	2026-04-04T12:08:51.000Z
35d65c6a-abfc-464e-8b68-eb14e3c8bbd5	neo_mix40	neo_mix40@icloud.com	2026-04-04T12:24:28.000Z
0c978a73-9a3a-4a73-b4c6-3235858e7749	tanusha282	tanusha282@internet.ru	2026-04-04T12:32:10.000Z
5c46f9dd-13bc-42d3-813b-688347037519	neo_bar91	neo_bar91@proton.me	2026-04-04T13:03:50.000Z
3cb071db-970d-4032-8b30-05627420b49d	sky_pro25	sky_pro25@list.ru	2026-04-04T13:04:43.000Z
136aa3be-c10b-407c-adba-c0d59add6e40	bar_spb3	bar_spb3@mail.ru	2026-04-04T13:08:29.000Z
38b8b74f-af83-4ff2-92bb-1e3d35ee2561	marina813	marina813@yahoo.com	2026-04-04T13:25:08.000Z
35ac0c72-63f0-4703-a5e3-5bcb361e41d7	u30_417549	u3035306932@bk.ru	2026-04-04T13:37:11.000Z
7b57d920-c011-41d4-b059-53e4a672ceff	msk_spb61	msk_spb61@outlook.com	2026-04-04T14:23:32.000Z
cmnkfibfn0009np1hev3ew2fx	Anna1964		2026-04-04T14:29:36.228Z
70c1de2e-7946-4d40-8051-f573f03e9646	nastya13	nastya13@rambler.ru	2026-04-04T14:30:12.000Z
14595878-d194-43dd-841b-eec67dbad936	u88_565977	u88@rambler.ru	2026-04-04T14:40:10.000Z
cmnkga9oc0007rz1hpul6jfug	Anohin1994		2026-04-04T14:51:20.316Z
cmnkgf92q000irz1hyelw30zv	Said95		2026-04-04T14:55:12.818Z
cmnkgk249000rrz1hihsfyynd	Jamba		2026-04-04T14:58:57.081Z
95647c5d-5fa5-45e8-8cfd-3595bf8bc568	u60_562328	u60@internet.ru	2026-04-04T14:59:48.000Z
cmnkgny3q0010rz1hvmg6j99v	Alex77		2026-04-04T15:01:58.502Z
90d4a4c5-e2a3-4495-b352-32c2bba50727	dima442	dima442@gmail.com	2026-04-04T15:08:42.000Z
5726c015-1eb9-4cc4-936d-4ecd15fd4bdf	nsk_tip82	nsk_tip82@inbox.ru	2026-04-04T15:16:41.000Z
ab2edc40-bd47-4291-8b24-28b76189a320	u22_589847	u22@list.ru	2026-04-04T15:38:09.000Z
be809329-f350-4f22-8ff7-c317f54b903e	u45_725553	u45@list.ru	2026-04-04T15:44:18.000Z
0ffe36a9-49e6-471d-b67c-d7511a2d6c26	nastya884	nastya884@yahoo.com	2026-04-04T15:55:35.000Z
886c71f8-d10e-4a77-bbe9-2e670a0c4d80	mix_spb37	mix_spb37@icloud.com	2026-04-04T16:46:55.000Z
cmnkl9ew70002o31hd7ov5ydk	Danilova	daraz@yandex.ru	2026-04-04T17:10:38.503Z
cmnkljsil000bo31h3ifoaf0x	Yna228	kovaliza@yandex.ru	2026-04-04T17:18:42.718Z
32ea43b7-4739-4fae-a913-7e5697914464	u53_270046	u53@rambler.ru	2026-04-04T17:20:17.000Z
cmnklmqeg000ko31hojrsb5qa	Asiman	razfig2009@mail.ru	2026-04-04T17:20:59.944Z
cmnklubfa000to31hjxdnxhrl	Spirid	elizaveta2009@yandex.ru	2026-04-04T17:26:53.782Z
cmnklxku70012o31hbax9stuj	Varvara	varvara2010z@yandex.ru	2026-04-04T17:29:25.952Z
cmnkm3oxc001bo31hzi885rwx	Timati	timur-z-malil@mail.ru	2026-04-04T17:34:11.185Z
cmnkm8dbc001ko31hw9x7tskw	Maga095	magaz2z@mail.ru	2026-04-04T17:37:49.417Z
cmnkmciix001vo31h33c86z2k	Antip	antiz@yandex.ru	2026-04-04T17:41:02.794Z
cmnkmh9st0024o31hwhroysve	Umarkaifar	ymarz00@yandex.ru	2026-04-04T17:44:44.766Z
cmnkmjiwe002do31hxymumnfp	Mallaev	rajaz211@mail.com	2026-04-04T17:46:29.870Z
cmnkmmay6002mo31h9clplfk1	Ruminidze1	iziknad2121az@ya.ru	2026-04-04T17:48:39.534Z
cmnkmok1p002vo31h7gqmqb8x	Likov	egorikz22@ya.ru	2026-04-04T17:50:24.637Z
cmnkmq85i0034o31hq0yme3mw	Spider	lisikz@ya.ru	2026-04-04T17:51:42.534Z
cmnkms6x2003do31h66i3t8ni	Starik1	ekatez@gmail.com	2026-04-04T17:53:14.246Z
cmnkmttmt003mo31h3y99bdvs	Lolka	yooda2020@yandex.ru	2026-04-04T17:54:30.341Z
3add7609-8cbb-4c76-8d76-104dbac3acb7	tip_spb72	tip_spb72@yahoo.com	2026-04-04T18:12:30.000Z
0deef52f-81fc-4ff4-9c5b-1370b8a210c5	u74_125133	u74@live.com	2026-04-04T18:31:54.000Z
828f597e-ae25-43f3-bde5-86179d238094	u59_846680	u59@icloud.com	2026-04-04T18:36:30.000Z
cb26e99b-e41b-4250-9b53-249a4338b61e	oleg421	oleg421@rambler.ru	2026-04-04T18:47:37.000Z
d9505985-209d-4986-b918-c4526950b2e3	u79_770244	u7914875760@proton.me	2026-04-04T19:39:30.000Z
9c6b0dbc-dec3-41bf-bfc6-84e069542248	mix_nsk54	mix_nsk54@outlook.com	2026-04-04T19:54:42.000Z
6776d8b8-d69b-4c1c-8be0-0054c537c81f	u27_931872	u27@inbox.ru	2026-04-04T20:03:48.000Z
d35cad20-352f-4cb4-be90-6a425a3925a9	pro_bar45	pro_bar45@icloud.com	2026-04-04T20:26:26.000Z
da666917-5326-4b63-81de-dee6d82ffa87	u28_716501	u2826672251@yandex.ru	2026-04-04T20:31:33.000Z
c4c222d4-08ca-4343-a018-f4b65c373bd9	tanusha121	tanusha121@mail.ru	2026-04-04T20:54:34.000Z
fd78ccec-215c-4557-97e4-59ba66257894	tip_spb96	tip_spb96@mail.ru	2026-04-05T05:18:35.000Z
4598d3ca-5d2b-433c-8fe6-0b6c7c7022e4	u10_679413	u10@internet.ru	2026-04-05T07:47:53.000Z
af85ae60-036d-4722-9922-d39db32e5f4d	pasha573	pasha573@mail.ru	2026-04-05T08:15:05.000Z
d40cea96-78a7-40eb-8289-bdea092a7336	u51_775406	u51@internet.ru	2026-04-05T08:52:24.000Z
38756d10-e835-41dc-b28c-2ddedb811ae5	nsk_nsk80	nsk_nsk80@rambler.ru	2026-04-05T08:55:54.000Z
ee5cd04e-fd6d-45e2-ac70-4a182c8b2d17	u13_300993	u1322464479@rambler.ru	2026-04-05T09:44:17.000Z
d67c04ae-f18c-4d64-b9ad-87b7dbdf590f	dima866	dima866@bk.ru	2026-04-05T10:28:02.000Z
1b37b18f-0458-4ca5-a99a-45b633fb25a7	neo_spb52	neo_spb52@proton.me	2026-04-05T10:49:29.000Z
c7b79152-7659-41aa-ae21-db8d5212c348	bar_pro84	bar_pro84@yahoo.com	2026-04-05T11:46:48.000Z
1693b059-8e26-4c43-ad65-6ee0203856fc	marina179	marina179@outlook.com	2026-04-05T12:02:19.000Z
5e48ffbe-7a35-48c3-bbe2-dae006ad1869	u45_832971	u45@rambler.ru	2026-04-05T12:06:11.000Z
4c546dfc-7212-44d3-8a83-aeb1bf3a5d51	sveta732	sveta732@outlook.com	2026-04-05T12:11:36.000Z
8a4b08aa-81e2-42a7-8184-dfb18844d4df	u33_377912	u33@mail.ru	2026-04-05T12:51:09.000Z
e2e4f8c6-83f4-4686-9ed6-1b1987ed0105	pro_spb50	pro_spb50@yandex.ru	2026-04-05T13:29:22.000Z
0575e203-de3e-485f-be26-33a0054e9536	u96_542958	u96@rambler.ru	2026-04-05T14:13:38.000Z
47240793-0cdd-4634-844e-94a532d77ee9	pro_msk57	pro_msk57@bk.ru	2026-04-05T14:20:37.000Z
10d96592-0373-4ce9-8336-c6081bd00474	pasha154	pasha154@outlook.com	2026-04-05T15:49:32.000Z
c28e0e3f-77e1-497d-8980-c577cdb048fb	u84_767575	u8440419528@list.ru	2026-04-05T16:15:36.000Z
bb6beea2-5434-4010-8e20-63aa09efaf11	kate515	kate515@mail.ru	2026-04-05T16:31:59.000Z
d5b2eb1e-421e-4861-8886-a32bcf8afd4c	marina80	marina80@mail.ru	2026-04-05T17:20:53.000Z
bf84289f-ab86-4546-b1ee-ca4be3b6163c	igor646	igor646@list.ru	2026-04-05T17:35:19.000Z
4ea60f9c-5e35-4058-b468-207c8fe3e082	sky_nsk15	sky_nsk15@yandex.ru	2026-04-05T18:08:11.000Z
d4725353-099a-4eb6-9179-eae1fdee9e76	u60_841742	u60@mail.ru	2026-04-05T18:48:28.000Z
114e558f-529f-4953-ba74-c9261cc93105	bar_msk4	bar_msk4@proton.me	2026-04-05T19:38:54.000Z
34d7bf99-e8b6-410b-b6a8-5f74885f43cb	neo_bar21	neo_bar21@icloud.com	2026-04-05T19:51:37.000Z
758de655-3bc8-4153-9178-0d4552f0e258	nastya490	nastya490@live.com	2026-04-05T20:02:55.000Z
c7ed747a-588b-4b9f-b428-0779fc6a1584	misha344	misha344@rambler.ru	2026-04-05T20:04:32.000Z
72fe2d0a-a547-4372-9ff6-c4695a082e02	kate725	kate725@bk.ru	2026-04-05T20:58:20.000Z
cmnm9u5x0004so31he0mp7f6b	pool-cmnm9u5mv004ro31hhtma4knk		2026-04-05T21:26:23.604Z
f661d720-de16-4410-a59d-c75cb883bc7b	pasha429	pasha429@internet.ru	2026-04-06T05:01:08.000Z
890e1016-e17b-4b26-8764-5f13aea7fe99	u495019	u5@mail.ru	2026-04-06T05:10:20.000Z
6f9207ae-b3a1-4e09-9fac-7f64f6382a2e	mix_bar15_499753	mix_bar15@yahoo.com	2026-04-06T05:12:37.000Z
7b1b5d00-7d8c-402e-9132-8e4aaaa2905c	spb_pro53	spb_pro53@rambler.ru	2026-04-06T05:25:44.000Z
b5c9cdb6-1ed1-4105-a141-28deb2078051	u98	u98@yahoo.com	2026-04-06T05:45:53.000Z
bc0bb40c-676e-4209-8c49-6b0213d261c8	nsk_nsk36	nsk_nsk36@live.com	2026-04-06T06:08:13.000Z
e785280e-677c-4bcc-89af-dfb62fcbe342	kzn_nsk68	kzn_nsk68@gmail.com	2026-04-06T06:11:39.000Z
00165e9b-3338-4643-a433-3a603f9d86c5	tip_bar64	tip_bar64@icloud.com	2026-04-06T06:29:29.000Z
a4d711a8-90c4-41e2-811e-a598b1f34dbb	u74_662659	u74@gmail.com	2026-04-06T06:46:22.000Z
7bea6520-ceb1-48d9-9ce6-8c9d317620ae	u15_555404	u1547756297@gmail.com	2026-04-06T06:50:15.000Z
9681a22c-baae-4d80-a980-c30a1820ebef	tip_spb81	tip_spb81@live.com	2026-04-06T06:53:40.000Z
8c875055-7180-45ee-a850-7d083bb1dcc0	u56_415662	u56@internet.ru	2026-04-06T07:13:53.000Z
3b8941a8-d100-4e4c-844a-f65ab77c11f2	marina224	marina224@internet.ru	2026-04-06T07:48:09.000Z
4e682989-220b-438e-9425-07ce8203adb0	u16	u16@internet.ru	2026-04-06T08:56:45.000Z
fd45f472-ae58-4217-a06d-9cd3643df0bd	msk_neo10	msk_neo10@outlook.com	2026-04-06T08:57:21.000Z
b1982e90-592b-41c1-895f-14414db35a55	pro_bar46	pro_bar46@mail.ru	2026-04-06T09:03:56.000Z
785e175a-d911-472c-b98e-88a71c4a2991	marina100_678487	marina100@outlook.com	2026-04-06T09:45:20.000Z
e4c2f962-8ade-4b68-ae5b-7fcec1608e9e	sveta893	sveta893@yahoo.com	2026-04-06T09:57:03.000Z
b1e72856-590d-4676-87ca-8d23013755ba	oleg330	oleg330@proton.me	2026-04-06T10:43:59.000Z
974b2721-cc49-413b-b67b-594303237395	u35_671960	u35@bk.ru	2026-04-06T10:48:51.000Z
c27b266e-9bb4-493f-a52a-826bc257505d	u73_472680	u73@live.com	2026-04-06T10:56:22.000Z
3e71ea11-1599-4fb4-8aea-f12bd22a2d3c	pro_mix65	pro_mix65@mail.ru	2026-04-06T12:13:33.000Z
c9e01e52-38b6-4f89-9173-a3200e57f79e	nsk_mix16	nsk_mix16@list.ru	2026-04-06T13:16:57.000Z
ca7cc5de-7623-468c-9c04-234368372894	nsk_nsk14	nsk_nsk14@yahoo.com	2026-04-06T13:18:33.000Z
9f7c92ac-9724-4768-ab15-31d05f6bbf4b	mix_kzn75	mix_kzn75@list.ru	2026-04-06T13:21:28.000Z
ff374788-3b6a-40b0-8f71-8911b999468f	kate610	kate610@mail.ru	2026-04-06T13:34:27.000Z
3d61bd44-1dd7-4b72-b855-0286bba6c59c	nsk_pro34	nsk_pro34@yahoo.com	2026-04-06T13:56:43.000Z
f30c06f7-2776-4115-b91d-0291ad0f31a2	kzn_mix15_984861	kzn_mix15@rambler.ru	2026-04-06T14:07:20.000Z
d0e0dacf-435b-4f33-8837-18d72814c192	igor677	igor677@yahoo.com	2026-04-06T14:29:38.000Z
394538e7-dc07-4518-b617-dd80b13cb6a6	u889628	u3@yahoo.com	2026-04-06T14:33:19.000Z
4af6a4e2-0346-445c-85c2-35cc476bd57e	oleg473	oleg473@outlook.com	2026-04-06T15:05:41.000Z
68c94d17-efb7-4eec-9b01-4cb0bc591c34	spb_sky98	spb_sky98@yahoo.com	2026-04-06T15:13:28.000Z
c9ba5260-10e6-4f38-9043-76638a7a051a	spb_sky46	spb_sky46@live.com	2026-04-06T15:13:47.000Z
e54553b0-c857-4c38-8d08-6d07937fc1b8	u82_615482	u8235863827@inbox.ru	2026-04-06T16:28:56.000Z
fffb319f-80ca-413d-9758-7604a70234b8	neo_neo22	neo_neo22@live.com	2026-04-06T16:40:11.000Z
7d34f46b-f17b-4bb4-a9d0-bbba7d5b751d	pasha539	pasha539@internet.ru	2026-04-06T16:51:11.000Z
311abf0c-8c02-4d6d-8230-554ac1cd5001	u61_315196	u61@yandex.ru	2026-04-06T16:58:47.000Z
b9f8046a-4873-43f6-b3b1-9670b8cd82ba	u76_405060	u76@yandex.ru	2026-04-06T17:23:39.000Z
5b60fca8-3821-4075-8710-1b5d719231d8	kate513	kate513@inbox.ru	2026-04-06T18:06:54.000Z
d306a422-dac8-44b6-9d78-521a9a678608	nsk_pro37	nsk_pro37@inbox.ru	2026-04-06T18:13:24.000Z
e8b71a32-b28f-4002-8555-88a0e553eef3	kzn_mix0	kzn_mix0@rambler.ru	2026-04-06T19:12:17.000Z
ec395c97-5590-4048-8e5b-4e86ad88a398	u85_796376	u85@list.ru	2026-04-06T19:20:34.000Z
a4847ec2-7335-420a-bd22-e7c81d98e478	dima27	dima27@proton.me	2026-04-06T19:50:57.000Z
cf276109-4174-4efd-9fdf-052fc0098948	oleg153	oleg153@rambler.ru	2026-04-06T19:55:32.000Z
4ce0286c-fbdd-4e31-87c2-7575f07f2434	oleg558	oleg558@yandex.ru	2026-04-06T20:00:04.000Z
57f81267-6440-471e-9854-8f866a208a35	u39_322932	u39@live.com	2026-04-06T20:08:11.000Z
e48f583b-bd75-425b-8acf-4dd58ca12e9a	sky_msk83	sky_msk83@outlook.com	2026-04-06T20:09:01.000Z
f1a27702-ea1e-49a4-96f8-3989618b5f57	u99_584639	u9966593218@mail.ru	2026-04-06T20:37:53.000Z
d056f12c-f57f-4540-acd6-954e4344f749	pasha124	pasha124@icloud.com	2026-04-06T20:58:31.000Z
624aac73-9f8b-4631-82c3-bcf7f5b73492	misha322	misha322@yahoo.com	2026-04-07T05:18:44.000Z
aa0b8945-cd11-4fc7-b99c-6b87d2f723c1	u46	u46@icloud.com	2026-04-07T05:26:49.000Z
36b638be-df35-49ae-840c-a417bb3c09b4	u83_852796	u83@icloud.com	2026-04-07T05:29:46.000Z
93b6f163-ecf9-4e2f-8c1c-cb7fb4685746	bar_nsk20	bar_nsk20@list.ru	2026-04-07T05:46:17.000Z
e8e79488-9d49-4e69-9a5e-26e7d026d37f	mix_spb86	mix_spb86@yahoo.com	2026-04-07T05:52:34.000Z
3dba0998-dc54-44b6-aa2e-1019bb0a143c	neo_bar3	neo_bar3@rambler.ru	2026-04-07T05:58:00.000Z
f239c88f-4c16-498e-8913-043b26bdc5bc	u99	u99@mail.ru	2026-04-07T06:44:09.000Z
edf95567-561f-4536-bc82-cacf87ece654	igor628	igor628@proton.me	2026-04-07T07:26:56.000Z
f815e881-647e-40fd-ada6-1b913e0c88cf	kate405	kate405@yahoo.com	2026-04-07T08:46:04.000Z
cb1dc4bd-8ae4-4799-9ce1-5cd0dde908ee	sveta182	sveta182@internet.ru	2026-04-07T08:59:19.000Z
e87e46cf-dca0-4554-bf85-4899a97599fa	u67_428214	u67@rambler.ru	2026-04-07T09:53:37.000Z
72d86d4a-fe20-414a-b20c-ddb682b2f3ac	pasha376	pasha376@list.ru	2026-04-07T10:12:57.000Z
257e7f02-8a54-4656-a592-f8aff282e0d5	igor370	igor370@proton.me	2026-04-07T10:50:30.000Z
389a0ed8-8353-417c-9c68-5ae8a77abd3d	u183877	u5@proton.me	2026-04-07T11:10:37.000Z
450f97d5-3847-46d5-89b8-0469935be282	oleg348	oleg348@gmail.com	2026-04-07T11:20:34.000Z
96f39231-5d37-4349-8df1-184c77e7e6b9	kate843	kate843@proton.me	2026-04-07T12:15:11.000Z
61031638-20be-446d-9a85-d2f05bff8ba7	mix_tip83	mix_tip83@outlook.com	2026-04-07T12:38:33.000Z
3f7ecf5f-f65a-48bd-8c50-a356d99ef0e0	dima132	dima132@rambler.ru	2026-04-07T13:18:14.000Z
e27e394f-c690-4867-a84c-5c083c2774c9	bar_tip71	bar_tip71@live.com	2026-04-07T13:24:16.000Z
5f5d232b-081f-45d5-bac3-252a454a41fa	pasha227	pasha227@yandex.ru	2026-04-07T13:37:18.000Z
9a92ddca-9431-4a71-8790-de8d25f04ed5	marina893	marina893@outlook.com	2026-04-07T13:43:00.000Z
62b7599a-d99c-4f38-97ce-21d312b5bb71	mix_neo63	mix_neo63@proton.me	2026-04-07T14:14:24.000Z
15dde0a3-d6a4-44ad-af8e-1cdc25a9a527	oleg866	oleg866@bk.ru	2026-04-07T14:25:40.000Z
57c8b7e8-3a86-4221-b982-8a62ed06c34a	igor567	igor567@yandex.ru	2026-04-07T15:19:15.000Z
f1fc2266-186d-468c-a52b-e3d7c05a534b	u35_265231	u35@yahoo.com	2026-04-07T15:30:49.000Z
c5eabc29-1268-4c56-b49c-d52a7f96d151	u48_507739	u48@mail.ru	2026-04-07T16:29:42.000Z
91dc28d0-0003-4d9b-9025-ada0d21327c9	u53_912246	u53@internet.ru	2026-04-07T16:42:22.000Z
526fa4f9-7a70-448b-bf38-3c87cdcdc475	u789450	u1@internet.ru	2026-04-07T16:56:47.000Z
5e00712d-4648-4731-9069-ab519b52a63b	u29_272028	u29@inbox.ru	2026-04-07T17:39:51.000Z
11a5378e-ff41-44da-b84b-20909081313d	u33	u33@list.ru	2026-04-07T18:14:41.000Z
2d19adff-c5f8-4e8d-8ab0-9592a6425360	bar_msk51	bar_msk51@internet.ru	2026-04-07T18:18:02.000Z
82836ddc-20b8-4e9c-9593-feb1dede8f21	pro_kzn35	pro_kzn35@icloud.com	2026-04-07T18:38:26.000Z
1ddd3148-b443-4ef5-916d-4f104fe0e602	nastya402	nastya402@yandex.ru	2026-04-07T18:56:43.000Z
5d80fecd-a018-4c23-92b6-ea7c0cec2ec7	neo_msk58	neo_msk58@internet.ru	2026-04-07T19:10:32.000Z
98ffc0ec-008a-40ae-bc71-305b955abb26	u771368	u2@list.ru	2026-04-07T20:23:11.000Z
637c3d84-b714-4245-b68c-51a31ba739f2	u79_251970	u79@internet.ru	2026-04-07T20:34:25.000Z
0e2b69b2-8d00-4ed4-97e7-3d08d099a06e	u74_174685	u74@mail.ru	2026-04-07T20:38:05.000Z
9517bf26-6413-49c9-80a4-b16ca3207f7f	marina560	marina560@yandex.ru	2026-04-07T20:52:04.000Z
57000d06-e5da-4452-a058-c405036a9792	u80_988106	u80@list.ru	2026-04-08T05:29:25.000Z
a8512cfd-94df-4f2b-8686-14f720894b34	nsk_nsk23	nsk_nsk23@mail.ru	2026-04-08T05:51:32.000Z
d9dec4ff-bdca-4f25-baf6-ba5d6d4d2f5b	bar_spb22	bar_spb22@internet.ru	2026-04-08T05:59:53.000Z
65a9b4a8-e7d7-47aa-b610-583d115c0a6a	mix_nsk37	mix_nsk37@outlook.com	2026-04-08T06:31:14.000Z
01e64e3e-4d26-49a7-828b-2078439f01df	mix_neo94	mix_neo94@outlook.com	2026-04-08T06:36:28.000Z
1d5a6861-7706-4623-93d0-be75c0bf8fad	u326208	u1@proton.me	2026-04-08T06:58:05.000Z
3441c69c-88b2-4b55-b1c2-c130ca89c34b	u88_595219	u884501241@live.com	2026-04-08T07:11:46.000Z
9d44980f-076c-4462-afd8-43de57be5ecf	tip_kzn33	tip_kzn33@icloud.com	2026-04-08T07:56:01.000Z
8d89a20a-3c84-4a9a-b0a6-fc9a70266af6	bar_neo50	bar_neo50@inbox.ru	2026-04-08T08:22:26.000Z
c4965f48-7aeb-491d-a36e-0db9ccbfdd6d	bar_tip81	bar_tip81@list.ru	2026-04-08T09:05:16.000Z
24d202f4-bde9-4bfb-ac52-84c791efdcfb	tip_nsk53	tip_nsk53@outlook.com	2026-04-08T09:14:06.000Z
6c0d86eb-c863-4b30-82c9-248051765d5e	igor183	igor183@list.ru	2026-04-08T09:22:06.000Z
3984b38a-3c0c-4751-8568-de3f4824bbd8	u90_902868	u90@yahoo.com	2026-04-08T09:25:50.000Z
6453b45a-c069-42d5-b138-ea8af090d1d5	kate470	kate470@icloud.com	2026-04-08T09:27:21.000Z
26a21a01-eaef-4e5b-9bd2-8f8fa7b9bd4b	spb_sky70	spb_sky70@list.ru	2026-04-08T10:00:40.000Z
c3e6aaf2-cbb4-41cb-8815-f3e9127e3ec0	u39_677826	u39@outlook.com	2026-04-08T10:27:00.000Z
a9f886fc-81c3-4c2b-909e-8ee754228c04	sky_spb16	sky_spb16@outlook.com	2026-04-08T10:59:19.000Z
e093d512-d219-4f8f-acca-50665fdc24b3	misha354	misha354@internet.ru	2026-04-08T10:59:53.000Z
7461ee5e-e215-4e52-83ee-2326126ffa00	u20_870585	u20@internet.ru	2026-04-08T11:06:40.000Z
05e667ae-dff6-499a-820b-ddbfb62590fc	pro_sky49	pro_sky49@yandex.ru	2026-04-08T11:07:26.000Z
660875bd-1c79-4468-bfcc-ec34fdc686ae	u23_152987	u2317707736@proton.me	2026-04-08T11:13:32.000Z
0cff298d-577c-4e42-8702-f7a0152b5092	u94_110440	u9483348678@icloud.com	2026-04-08T11:21:35.000Z
00724627-f6a0-4ef1-a4af-66d0f266ee8d	dima618	dima618@outlook.com	2026-04-08T11:42:17.000Z
d0d30884-c011-46d5-b599-ae46d4fb5264	bar_kzn97	bar_kzn97@mail.ru	2026-04-08T11:49:52.000Z
3f5c90bb-bc0c-4c58-8cfc-0e4f0da43f3a	u13_554704	u13@proton.me	2026-04-08T11:52:41.000Z
2cb0027f-84fc-45e0-9506-58b73775f271	nastya166	nastya166@inbox.ru	2026-04-08T12:09:57.000Z
9f908aaa-4952-4d4b-b9ea-e2dbebbb910c	sky_msk46	sky_msk46@proton.me	2026-04-08T12:11:31.000Z
25e1ec63-0299-4a28-876d-ac00f16726a8	msk_bar32	msk_bar32@outlook.com	2026-04-08T12:17:34.000Z
d1c81348-1155-4eb7-b786-01d93674e27f	marina573	marina573@inbox.ru	2026-04-08T13:06:16.000Z
4abf80ae-4abf-41b5-a439-a07c636ea463	pasha609	pasha609@gmail.com	2026-04-08T13:17:07.000Z
8067eb57-7a0d-4d00-9984-8416a092cfdc	misha466	misha466@yandex.ru	2026-04-08T13:26:40.000Z
4705b846-4da6-47ea-8f91-0527fe1a1895	u42_762446	u42@yahoo.com	2026-04-08T13:27:53.000Z
c4f01e2f-f72a-491b-a0a3-ea97007e477f	u39_507929	u39@yandex.ru	2026-04-08T14:06:19.000Z
55e47168-8e89-43fe-9683-73e82a578e72	spb_msk42	spb_msk42@internet.ru	2026-04-08T14:54:01.000Z
d132163e-7ddd-4f8e-ada6-6a73d322c6b2	tip_spb11	tip_spb11@icloud.com	2026-04-08T14:55:26.000Z
40dd3347-57d6-413e-9b6a-66c3cc22a501	sky_nsk35	sky_nsk35@live.com	2026-04-08T15:08:49.000Z
ff7405d0-830d-457d-87aa-6e542c8019f9	neo_sky64	neo_sky64@proton.me	2026-04-08T16:05:43.000Z
747af853-f6f6-420c-950c-a9612311452f	igor416	igor416@list.ru	2026-04-08T16:29:24.000Z
3b2e2860-a139-4889-8d13-f0ba7b9dbdc6	sveta331	sveta331@bk.ru	2026-04-08T16:34:13.000Z
eebe68f2-f812-4ce2-969c-103ba2f9a8e7	sveta685	sveta685@bk.ru	2026-04-08T16:48:36.000Z
dfa2eab4-7bbd-46a9-94bb-fde4e5f788be	spb_nsk77	spb_nsk77@icloud.com	2026-04-08T16:49:57.000Z
b686e6d3-326d-4bb8-93aa-7f6661cbc6ed	neo_nsk62	neo_nsk62@internet.ru	2026-04-08T17:01:34.000Z
c657d31a-b0b8-400d-92bf-28ad60955532	dima84	dima84@list.ru	2026-04-08T17:27:25.000Z
970788f0-4b78-4430-9397-78f7c709e910	kate522	kate522@yahoo.com	2026-04-08T17:27:36.000Z
40c80c2f-a717-45e8-a77d-05417eb611b3	kzn_kzn72	kzn_kzn72@mail.ru	2026-04-08T17:38:47.000Z
62df9447-6965-4f5d-8ba5-7bb12367b6ae	u245701	u8@live.com	2026-04-08T17:45:14.000Z
873a402e-a71f-468e-a88b-5477b643e1a6	spb_sky42	spb_sky42@inbox.ru	2026-04-08T18:22:04.000Z
3595673c-a7a2-4021-bec3-b233c836e523	tanusha873	tanusha873@yandex.ru	2026-04-08T18:54:48.000Z
4da54c76-6801-447e-bfc8-5ee0ac254980	sky_neo3	sky_neo3@inbox.ru	2026-04-08T19:03:58.000Z
fb09d8f9-f961-48fb-8ff0-3ed1d72a189f	kzn_spb5	kzn_spb5@rambler.ru	2026-04-08T19:05:59.000Z
ffe68b50-8bc6-45d2-9411-900550535afc	nastya213	nastya213@mail.ru	2026-04-08T19:22:03.000Z
fb8279d9-924e-4d14-9c7e-5598ca68a5ab	u59_358390	u59@gmail.com	2026-04-08T19:29:16.000Z
d2a472e2-111b-4ff2-8a78-b613927b2cc3	kate757	kate757@rambler.ru	2026-04-08T19:30:31.000Z
85c7f0ed-786b-44c8-8d02-67a2d86a3854	pasha410	pasha410@mail.ru	2026-04-08T19:36:19.000Z
b782225f-36df-463f-a693-9f1fd3131fc2	nastya455	nastya455@live.com	2026-04-08T19:39:29.000Z
52191873-9065-4ed3-a9c3-6c18a0197694	msk_msk20	msk_msk20@inbox.ru	2026-04-08T19:52:13.000Z
e75d7ae8-5c81-431f-a741-fcd4678623a5	u41_412806	u41@inbox.ru	2026-04-08T20:26:31.000Z
220a5487-ac94-48e8-8b37-4a6618a1b61f	msk_mix34	msk_mix34@outlook.com	2026-04-08T20:39:01.000Z
ae5011b6-f452-47f4-ac21-e85decb0a0c8	u35_696533	u3577764923@icloud.com	2026-04-08T20:55:53.000Z
daf0de79-bdd7-49dc-85e5-6b17827c7b00	u73	u73@list.ru	2026-04-09T05:03:42.000Z
c9aaa50a-17c2-4aa8-9718-267a68eb7b08	kate211	kate211@yahoo.com	2026-04-09T05:37:47.000Z
ca33338f-6704-4014-8817-d5afb56a6834	sveta373	sveta373@internet.ru	2026-04-09T05:48:25.000Z
d9777b11-ebb5-4c8d-b69e-79eb02afe276	msk_sky19	msk_sky19@yandex.ru	2026-04-09T05:51:31.000Z
3b036b63-d57f-47eb-b4a9-711001c2b1e1	u91_178534	u9150380232@gmail.com	2026-04-09T05:55:51.000Z
7f5929bd-d8c7-4cee-974b-6f1b6dbaa2d9	spb_sky55	spb_sky55@bk.ru	2026-04-09T06:24:43.000Z
1b535db6-31c7-4a13-af3f-d259055b3c03	kzn_msk91	kzn_msk91@internet.ru	2026-04-09T09:35:11.000Z
8251818c-10b7-4bc4-869f-bf6f8f691d0a	u11_798187	u11@outlook.com	2026-04-09T09:35:26.000Z
cf5640c2-be12-4bac-8f9a-65fc03396646	tanusha885	tanusha885@inbox.ru	2026-04-09T09:48:18.000Z
b5776a55-dc76-4cc2-a44a-d80b2b60ef7a	u82_622236	u826771608@rambler.ru	2026-04-09T09:53:09.000Z
c47232db-99af-4680-a97b-d09ff2cd2064	u76_814792	u76@rambler.ru	2026-04-09T10:04:25.000Z
e033a155-9530-45ba-80af-81e3bf97b85e	neo_tip19	neo_tip19@outlook.com	2026-04-09T12:08:48.000Z
657c0bd6-204b-4bb9-96ff-d801c9d3d42a	u78	u78@outlook.com	2026-04-09T13:22:04.000Z
3439bc46-2b8c-4ff7-b145-941ed532252f	u40_174157	u40@yahoo.com	2026-04-09T14:53:29.000Z
5db4081b-cf3c-4bea-8933-c8656e718b95	u85_363096	u85@proton.me	2026-04-09T15:26:29.000Z
a52ebc69-c7e7-4ec1-be5e-ab90de910766	u49_705954	u49@mail.ru	2026-04-09T15:27:11.000Z
730f6131-df06-4023-a113-c8e2476d9d8e	nastya209	nastya209@outlook.com	2026-04-09T15:30:20.000Z
2e6bcb68-8265-45e2-8eff-44d9a88c5a7e	misha450	misha450@mail.ru	2026-04-09T15:56:09.000Z
f9043e4e-865c-4900-ae8b-7808165536d3	u59_613966	u59@inbox.ru	2026-04-09T16:25:25.000Z
950ee7b5-448b-4191-b51d-963821b4ec35	sky_neo8	sky_neo8@gmail.com	2026-04-09T16:29:50.000Z
de99b08b-15af-4d27-8296-652814242269	u998167	u2@bk.ru	2026-04-09T16:47:03.000Z
eb2d4e7f-f7c0-4969-b80c-26323bd39c04	sky_neo81	sky_neo81@live.com	2026-04-09T16:52:33.000Z
d75bdd0f-bdde-48fd-a6bb-9c964b594e48	sky_neo90	sky_neo90@inbox.ru	2026-04-09T17:38:17.000Z
f9d2cc84-abb0-4fb3-acd7-fc879db1423b	bar_spb60	bar_spb60@yandex.ru	2026-04-09T17:40:05.000Z
d1ff86ee-1617-4e4d-a326-4443284578f4	igor170	igor170@yahoo.com	2026-04-09T17:47:18.000Z
3d297c2a-24af-49d8-ba64-97a906634999	marina187	marina187@internet.ru	2026-04-09T18:25:12.000Z
03116d76-d091-442b-8990-b6b9f7246b7d	u27	u27@icloud.com	2026-04-09T18:56:17.000Z
143effaa-166a-43c9-8375-a7fbd4a84787	sveta704	sveta704@rambler.ru	2026-04-09T19:03:35.000Z
01cabd6d-2d5d-4bbd-899d-05317889dff9	u92_100575	u92@live.com	2026-04-09T19:07:07.000Z
71bdd78f-f04b-47e6-91fd-627ce2891ab6	bar_sky94	bar_sky94@bk.ru	2026-04-09T19:25:40.000Z
7137a216-bb21-47d8-aafc-b81cabaaa28b	kzn_nsk88	kzn_nsk88@outlook.com	2026-04-09T19:56:33.000Z
2145a577-575f-479b-a4e8-71c0848dfd35	mix_bar32	mix_bar32@rambler.ru	2026-04-09T20:07:40.000Z
156f196e-5561-42f2-8b9a-91d4e2628887	tanusha109	tanusha109@list.ru	2026-04-09T20:27:54.000Z
5492ea70-0917-4871-beea-65665df5353a	u32_575020	u3253135784@gmail.com	2026-04-09T20:42:44.000Z
878357b5-2373-4a67-b699-f5aa027003d4	tanusha90	tanusha90@inbox.ru	2026-04-10T05:15:03.000Z
2262862f-cfc1-41af-ab49-5f0859b0f8f1	u28_626674	u28@outlook.com	2026-04-10T06:37:50.000Z
848967ff-a4b4-4b1c-865f-6e110de36701	tip_msk47	tip_msk47@bk.ru	2026-04-10T07:12:57.000Z
bd9bd217-c231-4ca5-bfb7-05dadb14ba15	u43_906029	u43@rambler.ru	2026-04-10T07:13:45.000Z
fdb76972-c0a5-4f47-b027-ec57e78a6e85	sveta415	sveta415@icloud.com	2026-04-10T07:21:59.000Z
92ef6b85-00c6-4919-852f-0c0e64ed0417	u12_606679	u12@gmail.com	2026-04-10T07:26:19.000Z
4d6e1337-ec39-4872-8a23-9759dd5a88ea	tip_tip71	tip_tip71@bk.ru	2026-04-10T08:01:41.000Z
f2b06e48-3129-4f7e-ab4e-1a0fa9e68ed8	u44_928613	u44@list.ru	2026-04-10T08:03:35.000Z
cd4ded3c-5b7e-4ab2-aef3-5d010f33b012	nsk_sky60	nsk_sky60@proton.me	2026-04-10T08:21:18.000Z
cf294021-03e7-4f52-94e2-cdb4b24efe8a	u59_317397	u59@mail.ru	2026-04-10T08:54:55.000Z
c99be815-74fe-4943-94fd-3084399ca95d	dima54	dima54@live.com	2026-04-10T08:57:38.000Z
d0e1d814-e79b-480a-8c59-3cf471a5f283	u52	u52@rambler.ru	2026-04-10T10:03:07.000Z
8e68dba0-30eb-4407-890c-9f318723aeb7	sky_pro56	sky_pro56@outlook.com	2026-04-10T10:10:34.000Z
248f3a30-82c3-411a-9b7a-7df47112e25e	u66_255153	u66@mail.ru	2026-04-10T10:20:54.000Z
d5fbf316-0dc8-4e57-a1cf-0f7ef0d5dd4f	u50	u50@bk.ru	2026-04-10T11:06:06.000Z
fa588ffb-7e91-4e98-979c-7fcc0c3c00b7	pro_bar80	pro_bar80@rambler.ru	2026-04-10T11:17:27.000Z
04355125-234d-4a77-8c60-5cec874ff201	bar_neo96	bar_neo96@mail.ru	2026-04-10T12:03:35.000Z
989204ed-4208-45db-ab3b-1ffa80bceb57	mix_kzn53	mix_kzn53@internet.ru	2026-04-10T12:38:36.000Z
6aac86a4-920e-49ab-9cec-0ffbe8e6ac2f	u414218	u2@yandex.ru	2026-04-10T12:38:59.000Z
c0c6bb82-170a-4932-ab81-b479ef8e7038	neo_sky80	neo_sky80@proton.me	2026-04-10T13:13:21.000Z
95e34ee0-44f6-49c3-8cef-fc00ae571e0f	neo_spb46_841202	neo_spb46@yandex.ru	2026-04-10T13:18:51.000Z
0f0ef713-3238-47fe-ac9e-47eb1257804a	u97_768825	u97@proton.me	2026-04-10T13:41:48.000Z
c6a1586f-937e-4b4b-93b5-f6e862f41e36	pro_mix53	pro_mix53@yahoo.com	2026-04-10T14:23:53.000Z
55151f21-1be0-4a1f-b5b2-3b06d8405166	u16_329317	u1664643969@internet.ru	2026-04-10T14:42:38.000Z
02b828ef-0737-4c73-aca1-e0c7d5d163a9	sky_kzn65	sky_kzn65@yandex.ru	2026-04-10T14:53:45.000Z
19799680-9693-4f8e-9cdc-5db30e950f4a	u299764	u579099489@rambler.ru	2026-04-10T15:10:23.000Z
e727fd22-da7c-47c5-94d5-3311edbec098	tanusha908	tanusha908@mail.ru	2026-04-10T15:13:16.000Z
7f00ff31-62c5-40ee-a915-6dd2ea9ad29c	dima361	dima361@outlook.com	2026-04-10T15:34:59.000Z
f6ee9977-c253-4aee-9e43-7942945d21b9	kzn_pro55	kzn_pro55@live.com	2026-04-10T15:36:24.000Z
d0668b86-9820-4e88-b0e3-6d2ad4a41392	u51	u51@bk.ru	2026-04-10T15:48:05.000Z
dd2dcaf4-29d1-4b98-86a9-f26766bd0f6f	marina688	marina688@proton.me	2026-04-10T16:31:20.000Z
73385b95-7761-4a00-8d64-7f4e39ab7c38	u51_164912	u51@mail.ru	2026-04-10T16:37:22.000Z
daf843af-7374-47c1-9fa1-b1b5abaa08fb	tanusha316	tanusha316@icloud.com	2026-04-10T17:19:34.000Z
2af40d7f-fffd-486e-84f1-736d0341c25e	kzn_bar61	kzn_bar61@internet.ru	2026-04-10T17:22:08.000Z
1760a7dd-b18f-4369-9eb5-a0320ea9d0ad	bar_tip30	bar_tip30@icloud.com	2026-04-10T17:57:47.000Z
ec9831b4-5961-447d-8959-2ef0cb933a49	u54	u54@inbox.ru	2026-04-10T17:59:24.000Z
53cf7a17-8107-4e29-a74b-7e2fc6199638	tip_nsk55	tip_nsk55@outlook.com	2026-04-10T18:24:05.000Z
27639fc0-5147-4988-ac39-6f908d0cdfe1	msk_bar49	msk_bar49@proton.me	2026-04-10T18:48:06.000Z
1dc54f22-8fb3-480e-9854-aea919b16afc	u28_151841	u28@mail.ru	2026-04-10T19:52:27.000Z
9813d1cd-9bbb-45b1-a2be-45b42dfc80da	neo_bar65	neo_bar65@outlook.com	2026-04-10T20:34:26.000Z
67e916a2-bc45-480a-9616-a5a0240f953b	sky_msk20	sky_msk20@icloud.com	2026-04-10T20:34:47.000Z
02272a6f-0a43-49cd-b5ed-9b9db3ae8915	sky_pro24	sky_pro24@inbox.ru	2026-04-11T05:14:10.000Z
6a8a6dcb-c54b-48fa-99f9-7023fb131ef0	nsk_nsk86	nsk_nsk86@list.ru	2026-04-11T05:15:38.000Z
0e66076c-0cae-4db3-8013-4c4463cc3238	u66_747105	u66@yandex.ru	2026-04-11T05:33:45.000Z
a88697e7-a90d-47c6-9489-3723d75c3dd5	oleg590	oleg590@live.com	2026-04-11T05:40:09.000Z
c9df3c87-42b9-4cbe-a258-636d77105176	u64_918361	u64@gmail.com	2026-04-11T05:41:17.000Z
df1c172f-66a1-4da3-ba2c-4b52f21e1f6f	mix_sky51	mix_sky51@internet.ru	2026-04-11T05:42:01.000Z
bd377aca-1ac3-4f27-85c4-df3c828b8244	u16_840373	u16@live.com	2026-04-11T06:47:48.000Z
931d1548-4bba-4ace-879d-eea264ef12b8	nastya588	nastya588@yandex.ru	2026-04-11T07:01:41.000Z
06490a71-81da-4e9a-9570-99945139d18f	u10_582712	u10@yahoo.com	2026-04-11T07:02:41.000Z
8961605b-4f84-4b29-bf22-e240317a3b11	nsk_bar56	nsk_bar56@live.com	2026-04-11T08:59:57.000Z
b7f4916b-a38e-4e85-bc05-c51a7f61f988	kzn_kzn31	kzn_kzn31@rambler.ru	2026-04-11T09:01:35.000Z
0d52c42c-8442-4573-950f-8418347f7e1c	misha737	misha737@gmail.com	2026-04-11T09:25:37.000Z
ffceeffb-3b2f-438e-bf4a-c5c53388f78d	marina633	marina633@mail.ru	2026-04-11T09:47:50.000Z
7084ca4a-dc5a-4b3c-a35a-439788d1494c	neo_bar38	neo_bar38@mail.ru	2026-04-11T10:13:31.000Z
a9c795f0-b158-40b4-b046-8edd647381f4	u19_996072	u1941227681@live.com	2026-04-11T10:14:41.000Z
c240b227-aeb8-4c75-a315-e87104a7f946	u40_529230	u4086725744@inbox.ru	2026-04-11T10:16:52.000Z
99649890-a7b4-497e-a949-b719f726aad7	u66	u66@proton.me	2026-04-11T10:49:36.000Z
3a369793-4d84-4b72-922d-130d74615853	pro_mix69	pro_mix69@icloud.com	2026-04-11T11:00:10.000Z
cad58b29-c09d-4e7a-9536-5f3925204dba	sveta544	sveta544@proton.me	2026-04-11T11:23:31.000Z
3c09b955-f24a-416c-8512-dc21757dcb74	nastya273	nastya273@rambler.ru	2026-04-11T11:32:35.000Z
3eb9b1ca-ec6e-4997-a45c-e8df40e462ba	pasha659	pasha659@yandex.ru	2026-04-11T12:11:02.000Z
7b6bf2c7-f3eb-4429-bb00-b3b967f38b26	neo_sky73	neo_sky73@proton.me	2026-04-11T12:24:19.000Z
0d64d9a9-9562-41fb-bb65-c30c5e7c6c01	u69_986497	u69@internet.ru	2026-04-11T13:02:49.000Z
06e87828-d2c5-4904-acdd-72d8a09fd85a	bar_spb60_535850	bar_spb60@internet.ru	2026-04-11T13:04:47.000Z
d1d1aa44-c915-4f6d-8c87-7861b8ecfc96	u61_499047	u61@outlook.com	2026-04-11T13:23:05.000Z
1d07a0f6-a934-4ef8-aa5f-5f5e2be1de8f	u756686	u1@icloud.com	2026-04-11T13:25:49.000Z
3f0dc5cc-b4f5-4d23-bc4b-53a5682c8a2f	bar_tip45	bar_tip45@yandex.ru	2026-04-11T13:43:57.000Z
f90f1451-91f0-4734-b37b-14a67b07c195	mix_mix50	mix_mix50@mail.ru	2026-04-11T14:01:27.000Z
e892c398-1e0c-43f5-b7c7-d857142cc6c0	mix_sky57	mix_sky57@bk.ru	2026-04-11T14:30:46.000Z
c83b15b9-79a5-4284-aedc-7a802673e3da	pasha332	pasha332@gmail.com	2026-04-11T14:42:14.000Z
0b4be7ef-24c1-4345-a95a-4c011fe7e012	u96	u96@outlook.com	2026-04-11T14:51:43.000Z
311eb5a1-0514-4899-9c32-64903e99a7c3	u40_849734	u4074028321@list.ru	2026-04-11T15:27:15.000Z
badce25c-ce7e-4893-8364-0e73c72ef7dd	u29_574001	u2992047640@inbox.ru	2026-04-11T15:35:31.000Z
f1190f55-92ea-40b7-a2b0-25111eba1717	u62	u62@yandex.ru	2026-04-11T16:01:09.000Z
963c7a56-dcef-4b8a-9fc1-263bcac5d333	igor253	igor253@live.com	2026-04-11T17:53:29.000Z
765ae0ab-37a0-44b0-8ea7-b77cf139ca64	u61_629857	u61@bk.ru	2026-04-11T18:17:36.000Z
398e33cc-0684-4893-814c-12811dee8ddc	u35_741501	u35@rambler.ru	2026-04-11T18:29:38.000Z
4b65e8ed-3ae1-430f-b515-6f6cb0c821aa	u60_454416	u6046917868@inbox.ru	2026-04-12T05:44:40.000Z
463abeac-022a-41c4-bd9b-7e4974912d05	msk_neo6	msk_neo6@yahoo.com	2026-04-12T06:41:03.000Z
9054b4ca-157f-473c-b788-c8daf3ac0190	u20_674558	u2011871133@gmail.com	2026-04-12T06:42:47.000Z
522b6fdf-85cd-4b2d-a6fe-f133cec7e865	msk_msk21	msk_msk21@yahoo.com	2026-04-12T06:57:37.000Z
3575b6a4-db57-4dcf-9435-75a70b1c19a1	u510555	u5@rambler.ru	2026-04-12T07:02:52.000Z
91fabc4c-d3cb-4e98-ad2d-c0c3bae41889	u800762	u8@bk.ru	2026-04-12T07:14:55.000Z
f23beeab-adf9-4211-a873-e1af81c57f49	pasha229	pasha229@inbox.ru	2026-04-12T08:11:25.000Z
a2b1bdfc-8c38-41e4-9d30-01120ac6dea8	oleg855	oleg855@icloud.com	2026-04-12T10:50:34.000Z
a77c6067-aee7-4a57-8d5c-73fa75fd6eb2	spb_bar15	spb_bar15@proton.me	2026-04-12T11:42:21.000Z
31083cbd-bf8f-4127-a9ec-584afe792d82	u58_244151	u5824998874@mail.ru	2026-04-12T13:40:47.000Z
9a4e7f2c-a60b-4d70-8b07-04c9e6eb1cec	kzn_kzn18	kzn_kzn18@gmail.com	2026-04-12T13:57:54.000Z
c0499a73-264d-4de1-a651-f0fb3cb5fe9e	msk_bar52	msk_bar52@list.ru	2026-04-12T15:14:46.000Z
4ffdd9ee-85db-4a65-926f-f5b0cffbd1ee	nsk_mix36	nsk_mix36@inbox.ru	2026-04-12T15:29:04.000Z
d444d50f-def0-4e97-b7b1-afd2661b4fc6	pasha735	pasha735@list.ru	2026-04-12T16:03:54.000Z
23223074-7ff2-47fc-a23f-7d2f4b6b43b1	sky_sky55	sky_sky55@gmail.com	2026-04-12T16:16:20.000Z
4ffe749e-a30a-435e-ace9-18db4745b3a6	kate348	kate348@outlook.com	2026-04-12T16:33:03.000Z
63294ed4-0a30-46f8-b442-f9f1ca2e5397	dima817	dima817@proton.me	2026-04-12T16:39:22.000Z
32a47c5c-0b54-44d4-a866-34bed72d7c1d	kzn_mix15	kzn_mix15@mail.ru	2026-04-12T17:05:44.000Z
85fd8d3c-9233-4610-9702-96a8a636353e	u198455	u2@outlook.com	2026-04-12T19:01:57.000Z
272cec27-548d-42bf-90d3-b2d456f02560	u63_259813	u63@yandex.ru	2026-04-13T05:38:06.000Z
02b01a5f-20b2-404f-9f3f-492618a2d4ea	nsk_mix93	nsk_mix93@yahoo.com	2026-04-13T05:56:07.000Z
5c8351d8-185d-44fe-bb57-24f04652e513	u22_728932	u2229786265@proton.me	2026-04-13T06:15:38.000Z
9beca48a-6af4-4df2-9bfd-a5682964c267	u86_180510	u86@list.ru	2026-04-13T06:20:14.000Z
51272ba7-3a19-4186-95bb-107377bf114f	u53_783945	u53@live.com	2026-04-13T06:26:26.000Z
d141e86e-3d9b-4a2b-9ec8-4e635e965004	u86	u86@yahoo.com	2026-04-13T06:28:49.000Z
821bbba4-91d3-454f-aea5-f0de063a4e15	u76	u76@outlook.com	2026-04-13T06:31:10.000Z
9c34a6a8-609c-4b21-95d5-8d88ebcd5a13	msk_bar6	msk_bar6@list.ru	2026-04-13T06:37:04.000Z
e12c048f-91c2-4d37-abef-e5b899836595	u84_666119	u84@icloud.com	2026-04-13T07:27:19.000Z
60fb3f7e-8b55-4578-ab81-91c3dd8e7678	nsk_pro48	nsk_pro48@list.ru	2026-04-13T07:30:42.000Z
49b52bc1-d5fd-41f7-b395-95387cd3e0e1	mix_nsk41	mix_nsk41@gmail.com	2026-04-13T07:38:13.000Z
85982d26-5fa4-4165-875e-331df0913d0b	pro_msk29	pro_msk29@internet.ru	2026-04-13T08:48:08.000Z
40afe031-b2f7-4508-b2f7-628c34bee16c	u83	u83@rambler.ru	2026-04-13T08:50:43.000Z
092112f7-a35d-44df-8eb5-ddc4382068a6	bar_mix20	bar_mix20@mail.ru	2026-04-13T09:21:32.000Z
86f039ee-21a9-4f05-8fd0-c2b419db892d	oleg668	oleg668@rambler.ru	2026-04-13T09:22:24.000Z
455b3651-1e0c-4914-8a26-da92c22e97c3	u37_141961	u37@gmail.com	2026-04-13T10:36:24.000Z
004f67ec-f786-445d-bc31-9ed0b8a709ab	u87_858113	u87@internet.ru	2026-04-13T11:12:34.000Z
8ea194c6-0a78-4fab-9752-55f66f7cfd67	mix_bar63	mix_bar63@inbox.ru	2026-04-13T11:27:57.000Z
eb816af2-7869-42d0-a301-bc90d7d25b81	tip_msk88	tip_msk88@outlook.com	2026-04-13T11:49:38.000Z
6ebea473-de88-4908-8c2c-76e7eaf022cf	spb_kzn0	spb_kzn0@icloud.com	2026-04-13T12:05:28.000Z
a93de412-90ca-485a-a803-2b54087de4bb	neo_neo60	neo_neo60@bk.ru	2026-04-13T12:21:04.000Z
152d6de1-4dca-4d72-9d14-018e81741a52	u94_233817	u94@bk.ru	2026-04-13T12:23:33.000Z
3014dc9e-6fd2-49f3-9999-31387659fb91	u24_675748	u24@mail.ru	2026-04-13T12:25:13.000Z
7c94cf9a-640b-432a-869b-448651cf3ae9	u93_909602	u93@mail.ru	2026-04-13T12:49:22.000Z
1c665de9-84b3-4b66-97b6-4a24dfdfdbb9	bar_neo81	bar_neo81@gmail.com	2026-04-13T13:18:27.000Z
ea560f03-339d-4301-9283-e5df5e2f72bf	kzn_kzn92	kzn_kzn92@outlook.com	2026-04-13T14:38:23.000Z
7ecc17c0-f119-4d4e-8a40-bdf3d26cf4fb	marina812	marina812@yahoo.com	2026-04-13T15:10:57.000Z
97510176-7af0-4f3e-9974-8983b3d1702e	kzn_kzn80	kzn_kzn80@live.com	2026-04-13T15:11:48.000Z
9f235627-dec8-4d1f-9635-f0852e22ecdf	u54_575202	u5414645212@gmail.com	2026-04-13T16:19:00.000Z
282fa4a9-4b87-4c7a-958f-db5c2d7afe39	nsk_spb5	nsk_spb5@proton.me	2026-04-13T16:24:46.000Z
e85ae8e5-28c7-41f6-b7e3-9b1eaed6d7ba	igor819	igor819@mail.ru	2026-04-13T16:38:43.000Z
aa86bd5b-2790-45ec-90d4-b379553edb50	u21_517169	u21@live.com	2026-04-13T16:47:30.000Z
8fabbf12-5928-4b35-a767-7f9e8859d8ff	mix_tip7	mix_tip7@list.ru	2026-04-13T17:14:21.000Z
1ebb391d-08d5-4729-95fe-78a8c544b6ba	u39_771645	u39@yahoo.com	2026-04-13T17:38:28.000Z
cc7c510c-f314-42fa-a823-070b0fd49dea	tip_bar81	tip_bar81@outlook.com	2026-04-13T17:40:12.000Z
c13bb8cc-06b7-46ac-abbb-42175c17b887	u94_918187	u94@icloud.com	2026-04-13T18:09:58.000Z
b7194a61-6710-4461-b0d6-bb16e534946b	sveta871	sveta871@bk.ru	2026-04-13T18:26:48.000Z
cc1fd366-7f23-411f-821c-8feb29344735	u29	u29@yandex.ru	2026-04-13T20:38:42.000Z
dd794c5e-6d3b-4133-b570-750589d39f11	sveta585	sveta585@yandex.ru	2026-04-13T20:49:26.000Z
a3c01846-8066-4dec-be82-4818848659c9	tanusha474	tanusha474@yandex.ru	2026-04-13T20:55:48.000Z
6af087d2-f83c-4028-95bb-a4b95d5d7165	u84	u84@rambler.ru	2026-04-14T05:41:53.000Z
97214bf6-3923-40d2-801c-222b79800ec3	sveta707	sveta707@rambler.ru	2026-04-14T06:02:13.000Z
acfda49b-33f0-4370-b8cd-fa678b6b1b2e	msk_mix76	msk_mix76@rambler.ru	2026-04-14T06:57:55.000Z
33835eea-9423-44db-b2bc-148ee7a99f55	sky_kzn51	sky_kzn51@rambler.ru	2026-04-14T07:08:53.000Z
1773add4-ecf8-448d-af0c-0c6c1ced589b	u38_160194	u38@outlook.com	2026-04-14T07:30:46.000Z
74cbf687-1b8b-4205-97af-9b5833e80307	spb_nsk2	spb_nsk2@gmail.com	2026-04-14T07:33:20.000Z
26510075-1c34-4a4b-9e06-1f3abf189494	mix_mix28	mix_mix28@live.com	2026-04-14T08:03:22.000Z
85c40160-f8a2-402c-8be7-816038624c41	bar_neo42	bar_neo42@live.com	2026-04-14T10:10:58.000Z
0cbbd819-b3f6-463a-b48a-2fb3c974b962	kate118	kate118@live.com	2026-04-14T10:58:00.000Z
4edc607f-6ba9-4bfb-8bde-eaccd9b158f3	u61_250161	u612118458@live.com	2026-04-14T11:02:08.000Z
7a3c3c93-ef0a-4f49-b38d-812cfbe74970	nsk_mix87	nsk_mix87@yahoo.com	2026-04-14T11:12:00.000Z
5700af4c-9568-427e-917b-614da1a5652e	u18_675766	u18@mail.ru	2026-04-14T12:03:48.000Z
336b862c-c7d0-4920-8f3b-80e2aeea96a9	u60_311695	u60@inbox.ru	2026-04-14T12:04:40.000Z
74f1365f-4824-4828-ba1e-9f8625a7d237	tip_bar48	tip_bar48@list.ru	2026-04-14T13:33:33.000Z
cd88ea14-3afe-4790-941b-b64a79db5541	spb_spb0	spb_spb0@gmail.com	2026-04-14T13:42:11.000Z
508f23ab-6be9-4e80-8a7e-6db8d63308ba	u63_570273	u63@inbox.ru	2026-04-14T13:53:59.000Z
2aaeb104-6ce1-4e08-8671-ed342a931391	tip_neo26	tip_neo26@gmail.com	2026-04-14T14:03:03.000Z
a31baa61-1548-47d5-8e20-24d47be1994c	u85_169490	u85@yahoo.com	2026-04-14T14:19:49.000Z
51a3d43a-204b-419c-979f-fbbfec95b239	u52_291981	u52@proton.me	2026-04-14T15:09:13.000Z
7444594d-6804-48d8-8f2d-c8adcd41738e	nsk_neo36	nsk_neo36@bk.ru	2026-04-14T15:11:57.000Z
ed60cbf5-5f3f-4a38-ba77-92af327531be	marina84	marina84@rambler.ru	2026-04-14T15:23:38.000Z
3afc66e2-48c5-4996-b790-18dc0a21213a	igor18	igor18@inbox.ru	2026-04-14T15:54:02.000Z
f62e1c06-012d-4f56-ad4c-df4bf25eb67b	nsk_sky47	nsk_sky47@proton.me	2026-04-14T16:58:03.000Z
b655426e-7339-41fd-897b-4a1b6bd523aa	msk_sky33	msk_sky33@proton.me	2026-04-14T17:36:25.000Z
f7cee225-22d0-4c9a-96fe-f75e21b629bf	u588786	u1@mail.ru	2026-04-14T17:53:59.000Z
f55410a4-c896-4b6f-b586-e2172d4ca652	neo_mix21	neo_mix21@yahoo.com	2026-04-14T18:14:10.000Z
8a99471d-2e88-4e9b-874d-151accd87c94	nastya461	nastya461@bk.ru	2026-04-14T18:30:36.000Z
0e40eb6b-2ac6-47fa-b893-35f53b122f51	u183494	u4@list.ru	2026-04-14T19:03:50.000Z
28aacbbd-76e5-4dfe-b90c-108e68a637ba	bar_bar43	bar_bar43@yahoo.com	2026-04-14T19:49:57.000Z
2563b8cc-3472-4029-beff-3845b19c71b9	u86_433218	u8683964061@yahoo.com	2026-04-14T20:06:31.000Z
8dab58a6-c111-4047-8af8-7c3c98643268	tip_kzn57_671645	tip_kzn57@rambler.ru	2026-04-14T20:59:45.000Z
7df6ffac-419f-468e-9f10-e245dfa25921	u40_947990	u40@icloud.com	2026-04-15T05:24:03.000Z
7a560d87-de35-4dcf-82ff-e292dc024274	sveta861	sveta861@yahoo.com	2026-04-15T05:30:38.000Z
c1af4769-0d62-40c9-a66e-b1a63937d430	u98_210550	u98@outlook.com	2026-04-15T05:51:03.000Z
c2dc31f4-4a02-4490-b172-38f734073111	tanusha793	tanusha793@live.com	2026-04-15T08:27:20.000Z
36e042c3-793a-48e4-b583-39e6caedd652	u33_271742	u33@gmail.com	2026-04-15T08:47:28.000Z
ee4c5f4b-f1b6-4144-9b2c-2fc32c84d748	spb_sky1	spb_sky1@internet.ru	2026-04-15T10:09:06.000Z
1f1a76a0-51a6-4ff2-8679-3b4d74116f09	bar_nsk12	bar_nsk12@inbox.ru	2026-04-15T10:21:07.000Z
baa247fa-dc27-4ed2-b184-286ef0c4aeaa	mix_nsk80	mix_nsk80@icloud.com	2026-04-15T10:23:40.000Z
2309a116-956e-4ff0-b91d-6d8af9f6279d	mix_neo26	mix_neo26@proton.me	2026-04-15T11:06:34.000Z
6e0ac036-ddc6-4f20-ade4-8ee364db6dfa	u53_757849	u53@icloud.com	2026-04-15T11:47:41.000Z
07147445-81f6-4d8e-84d2-f43bc7f102f4	u23_213615	u23@inbox.ru	2026-04-15T11:51:04.000Z
2ab28138-6700-48bc-9fb8-b5c40a57c013	u71_408191	u71@rambler.ru	2026-04-15T11:51:05.000Z
df596ef5-2fb4-45b8-afa0-41ceb7169dc6	marina184	marina184@outlook.com	2026-04-15T14:30:38.000Z
07b5adf6-62b4-4c52-90db-e54c4436b334	bar_sky28	bar_sky28@yahoo.com	2026-04-15T14:39:41.000Z
ffc01c09-dcc1-4cea-98d2-5bcebb7a7a17	marina810	marina810@proton.me	2026-04-15T15:13:03.000Z
17006dbb-a962-4f9e-a607-9e99fa9461e7	u32_389359	u32@gmail.com	2026-04-15T15:13:59.000Z
5fa7965b-bc82-43fd-8fc2-c524ed67bed0	u44_446190	u4476231034@gmail.com	2026-04-15T16:29:58.000Z
cdd0ed50-5ad1-4a57-8999-5be7bc8b7ccd	tip_neo19	tip_neo19@internet.ru	2026-04-15T16:59:18.000Z
520b8c54-541a-4163-9e4f-29d19ba3aa49	u70_354256	u70@yahoo.com	2026-04-15T19:36:05.000Z
63bb334d-9765-4826-b4ad-8e3ef3d8ddc0	u99_697007	u99@internet.ru	2026-04-15T20:31:38.000Z
b40f83f6-c008-4a26-a578-1a7c27fef285	spb_sky38	spb_sky38@gmail.com	2026-04-15T20:47:11.000Z
ba52e4ed-3eac-4992-a555-a4fca3518a21	kzn_pro13	kzn_pro13@icloud.com	2026-04-16T05:14:43.000Z
e50f5be9-7ee5-405c-a3c7-89733f806ee5	nastya192	nastya192@inbox.ru	2026-04-16T06:14:02.000Z
379c46e9-a4eb-4b83-9fe2-6c491e77d745	misha156	misha156@outlook.com	2026-04-16T06:48:06.000Z
d314725e-0cce-41ab-b038-c5ed6029f1bf	u42_627073	u42@list.ru	2026-04-16T07:05:33.000Z
6f3d194b-c852-40c1-be5a-4c8b39825e88	u23_357349	u2372057834@proton.me	2026-04-16T07:21:46.000Z
9f618058-b344-4960-878e-89843fc49e6a	tip_bar3	tip_bar3@proton.me	2026-04-16T07:38:20.000Z
f1bdec9f-b0b1-4043-b190-6e3959979856	u71_575741	u71@bk.ru	2026-04-16T07:54:59.000Z
be6d63ff-6a7b-4147-81d0-5dfde010a0a9	tanusha12	tanusha12@outlook.com	2026-04-16T08:11:00.000Z
c09d31a8-322d-4928-a1cc-45acd3a6118c	pro_mix89	pro_mix89@icloud.com	2026-04-16T08:24:23.000Z
f1f0aafe-1b0a-4194-9dc2-caf1852c170e	tip_tip56	tip_tip56@yandex.ru	2026-04-16T09:04:36.000Z
d499a0c8-5384-4faa-91cf-922c5a8ea190	neo_msk71	neo_msk71@internet.ru	2026-04-16T10:20:18.000Z
0e73adbd-b03b-4e02-aed3-34de4f318d67	msk_msk42	msk_msk42@yandex.ru	2026-04-16T10:24:40.000Z
6f85fb50-ad41-4b0c-82da-2450dab7b553	marina247	marina247@rambler.ru	2026-04-16T11:01:52.000Z
6220d49e-0c1f-41cf-bf21-f4b0fad4e760	u31_778418	u31@rambler.ru	2026-04-16T11:29:32.000Z
376754e2-52f0-4630-9b07-5707b66670df	mix_msk79	mix_msk79@gmail.com	2026-04-16T12:03:06.000Z
6ab25f97-ebe5-4ecd-af9d-0ed72ea8a69d	u80	u80@bk.ru	2026-04-16T14:13:18.000Z
672c0c01-e807-4336-95ce-935e87a2c3b3	bar_neo40	bar_neo40@icloud.com	2026-04-16T14:26:03.000Z
2dafec14-05be-4a2f-b6fe-d6e742592887	u26_129769	u26@proton.me	2026-04-16T16:00:16.000Z
7fb39d73-d436-4fa2-bb81-19e9c4344811	mix_pro93	mix_pro93@rambler.ru	2026-04-16T16:11:00.000Z
a55018df-49d1-499f-b175-a14ecb875b97	u25_896066	u25@outlook.com	2026-04-16T16:46:40.000Z
987c7a86-3da7-4d8a-9965-263f447d99f4	u39_720077	u39@bk.ru	2026-04-16T16:59:13.000Z
80558825-ca74-48cb-9132-561e2ad178f5	pasha56	pasha56@list.ru	2026-04-16T17:01:20.000Z
f2c058a8-07ee-4935-b475-3836de5d674f	u11	u11@inbox.ru	2026-04-16T17:13:06.000Z
e903bc9f-c76e-4210-99bd-8117257ef74c	pasha773	pasha773@yandex.ru	2026-04-16T17:35:54.000Z
2092b0fa-b04a-4607-b53b-1eba837204c1	dima666	dima666@internet.ru	2026-04-16T19:07:11.000Z
0d498a34-627a-4f9a-8fdd-0cd9312fd9e7	tanusha314	tanusha314@gmail.com	2026-04-16T19:51:39.000Z
daf06179-6bf4-4c31-b3fc-877a5b4f48ee	nastya337	nastya337@yahoo.com	2026-04-16T20:04:38.000Z
ec1a2348-369d-4889-bedc-c5f63adf1dda	msk_neo71_333788	msk_neo7156723763@yahoo.com	2026-04-16T20:49:49.000Z
a4bfb8f9-9acf-41b9-a048-f91612762e6d	dima398	dima398@list.ru	2026-04-16T20:57:39.000Z
2fbfcd65-2b0b-4fc4-a04f-ba05a9a8a322	dima529	dima529@outlook.com	2026-04-17T05:27:56.000Z
9054a4bf-d1d0-4fe7-b585-ff545f1ddad8	u150059	u4@bk.ru	2026-04-17T05:29:23.000Z
29f79213-8cf7-4db6-8a0f-7eb9459a1c13	msk_mix46	msk_mix46@inbox.ru	2026-04-17T05:31:40.000Z
17144d39-9d3c-4201-b33a-6a7d9507b23b	dima354	dima354@yandex.ru	2026-04-17T05:45:19.000Z
0ad8288b-51bc-4895-bb9f-0f79bb3af428	marina155	marina155@icloud.com	2026-04-17T06:19:31.000Z
b37f852a-6278-4aff-ac91-622a28d2f097	mix_pro80	mix_pro80@internet.ru	2026-04-17T06:25:20.000Z
83bd2092-25cb-4c8a-ad0c-772b0461bc7c	u63	u63@internet.ru	2026-04-17T07:32:56.000Z
563d5884-0659-4b0b-984d-8f94ddcfc815	mix_msk96	mix_msk96@rambler.ru	2026-04-17T08:18:13.000Z
93e6987c-683b-470e-be52-4de7dbdfbb26	nsk_tip3	nsk_tip3@inbox.ru	2026-04-17T08:44:59.000Z
fce04ec7-996e-48bc-9bdf-2c56caaf69e2	kzn_nsk1	kzn_nsk1@proton.me	2026-04-17T12:51:08.000Z
026f3694-6ffc-4e7c-a121-5aa69ac6fcba	nastya845	nastya845@outlook.com	2026-04-17T13:16:14.000Z
a044ad06-ee14-450c-80c2-7ecac643fa29	u95	u95@icloud.com	2026-04-17T13:45:01.000Z
1a495e30-49ff-4c54-8ad4-56519fe1a105	nsk_msk29	nsk_msk29@mail.ru	2026-04-17T14:01:15.000Z
ccb2ce3a-c5e5-4e89-9dc2-53751e05d559	kzn_spb94	kzn_spb94@inbox.ru	2026-04-17T15:33:20.000Z
216ce426-ee48-434a-b679-9a975196b6d1	u78_349502	u7895501595@list.ru	2026-04-17T15:38:46.000Z
36a6ee77-50e0-499c-a3fd-863899b707a6	marina343	marina343@proton.me	2026-04-17T16:08:04.000Z
e68951ed-5f25-4d6b-91f2-2533ab4ce21b	u399735	u9@outlook.com	2026-04-17T16:19:06.000Z
ab5c6cbc-0ea5-4beb-bcb6-9ccfe7416086	u64_830589	u64@internet.ru	2026-04-17T16:55:12.000Z
d86324e0-c716-4943-8400-6387bf271cdf	marina65	marina65@outlook.com	2026-04-17T17:02:26.000Z
a27f4b96-1a1d-4b68-9a98-9bdf2044adb3	mix_neo89	mix_neo89@rambler.ru	2026-04-17T17:32:01.000Z
99ca937e-c347-4386-bc95-b4401c91106a	tip_nsk18	tip_nsk18@gmail.com	2026-04-17T18:41:54.000Z
752c4e4e-509a-4de2-a436-d2d6031608bd	spb_tip98	spb_tip98@yandex.ru	2026-04-17T19:05:30.000Z
5cb9ef30-bda3-4d68-8b11-6f3017e976fb	tip_tip41_527991	tip_tip41@inbox.ru	2026-04-17T19:50:30.000Z
66a08fa2-05d2-4669-b596-3f0774d17457	u97_367228	u97@gmail.com	2026-04-17T20:25:48.000Z
7eabf511-702f-43b5-974b-ec8fda6ffe87	marina341	marina341@list.ru	2026-04-18T05:39:43.000Z
3f0ec46c-770a-4718-9be4-60f2655d1e7b	u15_922818	u15@inbox.ru	2026-04-18T05:42:15.000Z
232e7558-5d74-46e3-b9ae-1235006adbb2	nastya347	nastya347@yahoo.com	2026-04-18T06:31:25.000Z
f913add4-50a9-497c-9e66-25707e34b27e	u90	u90@mail.ru	2026-04-18T07:22:52.000Z
a7a8ba1d-0de4-455e-9520-3eb12324a99a	bar_mix52	bar_mix52@gmail.com	2026-04-18T10:33:29.000Z
75bf5b2c-2009-4a21-9283-0d8b3312d64b	igor63	igor63@yahoo.com	2026-04-18T10:44:33.000Z
ab6d2801-0738-4501-aa55-24cada571eca	kzn_msk94	kzn_msk94@yahoo.com	2026-04-18T11:57:33.000Z
9fcd7db5-3459-4258-9f88-470bc610d5a1	igor348	igor348@icloud.com	2026-04-18T14:11:08.000Z
d903cb1f-3e6a-4519-bf87-b2c0dfcf5db6	neo_bar67_830836	neo_bar67@icloud.com	2026-04-18T16:28:37.000Z
7836ea9e-fe99-4e6f-8349-f02b14eebba3	u932061	u826532054@live.com	2026-04-18T17:41:08.000Z
6ea6b7c0-7ad3-4cb5-b81e-2672b0de386e	u266450	u1@list.ru	2026-04-18T18:06:46.000Z
ccfe43e3-3b23-4b21-88a0-f1ddba268523	bar_kzn26	bar_kzn26@proton.me	2026-04-18T18:27:19.000Z
390a1fbb-31a9-4275-b4c2-6cdbd195613e	u40_378942	u40@inbox.ru	2026-04-19T05:25:00.000Z
0eace2dd-bb92-47f7-a8df-b53f2c81dee5	nsk_kzn56	nsk_kzn56@mail.ru	2026-04-19T05:41:50.000Z
65eeec43-b089-4c6b-8387-b3c5d0b11bec	spb_mix87	spb_mix87@bk.ru	2026-04-19T05:45:31.000Z
d6928f40-522a-4006-8eef-af7de1bf9227	igor225	igor225@yandex.ru	2026-04-19T07:28:26.000Z
014d8df7-2709-4e11-a525-5c639a723529	u52_275687	u52@outlook.com	2026-04-19T09:28:45.000Z
e53ab0cd-6e5a-4748-9421-b0cb9c031a1c	u13_531257	u1369806931@proton.me	2026-04-19T10:11:38.000Z
6acea93f-4309-49c5-adaf-3efcf52671d9	sveta157	sveta157@list.ru	2026-04-19T10:47:55.000Z
462a9dea-bf42-4cba-b69c-5a4916e96afc	sky_neo15	sky_neo15@bk.ru	2026-04-19T11:20:18.000Z
97835030-5dd6-4486-a931-43adf2b36966	u254384	u446608930@inbox.ru	2026-04-19T13:33:04.000Z
47d9472b-4f53-4e87-89f1-bee710ad059a	pasha890	pasha890@mail.ru	2026-04-19T15:10:23.000Z
98aeb609-0b02-417f-a55f-a1e4a2d5d2ac	pasha808	pasha808@rambler.ru	2026-04-19T16:24:02.000Z
30c1e6bf-569e-47e5-b42d-2d860b239977	marina139	marina139@yandex.ru	2026-04-19T18:56:12.000Z
a750f073-88a4-43a1-9dbf-5517a2599f07	msk_spb20	msk_spb20@live.com	2026-04-19T19:02:02.000Z
499316df-c59c-4c51-909f-5172923f5d2f	u62_988394	u62@bk.ru	2026-04-20T05:41:02.000Z
247080f6-cbdf-47d2-88a6-8dcc59420a59	sky_pro37	sky_pro37@outlook.com	2026-04-20T08:30:52.000Z
72a932ec-e482-4678-a4b9-bf32606c8032	sveta623	sveta623@internet.ru	2026-04-20T09:33:25.000Z
5d2c7fce-d2bd-4e5e-ab00-215b636842e4	nastya417	nastya417@gmail.com	2026-04-20T11:21:49.000Z
b2c60834-4626-46f1-813f-662612aaaf6d	mix_mix85	mix_mix85@internet.ru	2026-04-20T11:57:52.000Z
723e47d4-0ec0-4dfd-b4ef-7848a716c842	u88_478764	u8872586387@internet.ru	2026-04-20T16:37:37.000Z
e7237681-00d6-4ae5-b7df-157634e9b376	u76_757831	u7698919370@outlook.com	2026-04-20T17:08:00.000Z
35432cac-a4a9-49ad-b6a0-3d1048edafd9	u68_950774	u68@outlook.com	2026-04-20T17:59:22.000Z
2c7f3397-428e-403e-8fa6-4bcdb9f05fdc	u22_541916	u22@live.com	2026-04-20T18:17:05.000Z
ac1a2af0-2d09-4768-b34e-8d9db3252185	u10	u10@proton.me	2026-04-20T18:20:50.000Z
c46dd1d8-43af-4bcc-ab46-0dd7428055e5	u30_552202	u3043174954@icloud.com	2026-04-20T20:39:26.000Z
b460a3dd-86d2-408f-99d2-5a8dc1de22be	u48	u48@yandex.ru	2026-04-20T20:44:30.000Z
7eb85a9f-fa27-44a5-80b6-197b10aeaa80	neo_msk37	neo_msk37@rambler.ru	2026-04-20T20:46:14.000Z
06ed0d68-929b-4809-b1c4-fa0d375b60fa	kate667	kate667@live.com	2026-04-21T06:15:42.000Z
5cd011f2-feb8-4eaa-afd0-e01df2f00138	mix_spb44	mix_spb44@live.com	2026-04-21T07:58:47.000Z
89a28d18-3bbc-4b6e-8d37-bd0b9ac57639	oleg535	oleg535@yahoo.com	2026-04-21T10:34:25.000Z
bc753a90-1fbb-42b2-91a7-9e21985dab32	u64	u64@bk.ru	2026-04-21T11:00:10.000Z
11c5dd18-43b6-4556-a35f-00ed50294296	misha118	misha118@yahoo.com	2026-04-21T13:52:03.000Z
6a0f5046-4adf-4dd2-a91c-ea4ef42ea5e7	kate875	kate875@internet.ru	2026-04-21T16:11:37.000Z
f230953a-8d2c-41be-99b0-3dcb693ef013	tanusha242	tanusha242@proton.me	2026-04-21T19:50:06.000Z
b59a8248-0cb6-4a4a-b832-2c67f9c3e175	u20_173140	u20@gmail.com	2026-04-21T20:55:05.000Z
5626e622-291e-45fd-be79-986f1952e7e2	tip_msk73	tip_msk73@mail.ru	2026-04-22T05:33:08.000Z
d12de496-7824-4d5a-96bb-0ccc3318b85e	u44_584995	u44@inbox.ru	2026-04-22T08:38:48.000Z
c696d7a3-bb81-405d-b0ac-7be82d7fecce	dima403	dima403@yandex.ru	2026-04-22T10:48:27.000Z
fe4ccf0a-b184-4c17-bbed-83dc0cd45c56	igor718	igor718@internet.ru	2026-04-22T13:23:07.000Z
9a521811-c7b0-4f75-8ae3-2028ae004031	u24_612271	u24@list.ru	2026-04-22T13:45:36.000Z
de258e8e-6195-4ad3-9907-84824ffadd99	bar_tip48	bar_tip48@rambler.ru	2026-04-23T07:29:40.000Z
dac3a299-3c80-49ec-81e7-d5a434cb85e7	nastya601	nastya601@yahoo.com	2026-04-23T09:54:33.000Z
cmobclmwm001uru1ir25eg2fz	zuzik85		2026-04-23T10:37:58.967Z
cmobdhmtm0025ru1ikura6unj	zero95		2026-04-23T11:02:51.851Z
cmobdifdy002aru1i6m7tblq6	luglag04		2026-04-23T11:03:28.871Z
1ef675db-7960-4b56-bd8c-bf5a18ed7a5f	nastya486	nastya486@gmail.com	2026-04-23T13:20:26.000Z
8f023468-eb82-4325-8808-dff344ac1649	u70_849000	u70@inbox.ru	2026-04-23T13:29:31.000Z
4f8637f2-68df-4ac7-8d5e-0f084461cd0b	tanusha381	tanusha381@mail.ru	2026-04-23T15:21:13.000Z
56b76cb0-83f9-47f0-b30c-133eb176eeb0	tanusha819	tanusha819@live.com	2026-04-23T18:28:43.000Z
de2ad6c9-7d32-4d46-9205-ae7b0af5d088	u67	u67@yandex.ru	2026-04-23T20:21:14.000Z
6ea01551-f2ce-415e-be2c-e89b014dea3e	marina303	marina303@list.ru	2026-04-24T06:21:43.000Z
0f111581-8b4e-4c93-ad38-af31859a4175	dima156	dima156@outlook.com	2026-04-24T06:42:59.000Z
c37e5dfa-5823-4df7-977e-6055d9f5e5b0	neo_sky94	neo_sky94@list.ru	2026-04-24T10:30:38.000Z
279f3219-77f1-4b16-85ca-150c1757990a	u29_432391	u29@internet.ru	2026-04-24T17:58:27.513Z
